"id","title","style_code","description","availability","price","brand","product_type","fb_product_category","google_product_category","inventory","item_group_id","pattern","gender","link","image_link","additional_image_link","visibility","colour","size","condition","percentile_availability","sub_group_percentile_availability","age_group","shipping","identifier_exists","custom_label_0","custom_label_1","custom_label_2","custom_label_3","custom_label_4","custom_number_0","custom_number_1","custom_number_2","custom_number_3","custom_number_4"
"I020859","F.sports Men Grey Sandals","OCEAN-220921","F.Sports Men Grey Sandals","In stock","995 INR","F.Sports","-","men","men","4","OCEAN-220921","solid","male","https://www.popularshoemart.com/product/f-sports-ocean-grey-orange-7","https://kartmax-product-live-bucket.s3.ap-south-1.amazonaws.com/sites/3pmylNkGfdV7pPbyDJsN/product-images/OCEAN-GR-ORG-220921-01.jpg","https://kartmax-product-live-bucket.s3.ap-south-1.amazonaws.com/sites/3pmylNkGfdV7pPbyDJsN/product-images/OCEAN-GR-ORG-220921-01.jpg","","Grey","41/7","new","41","71","","","","-","-","-","-","-","-","-","-","-","-"
"I124224","Lancer Men Dark Grey Sports Shoes","DRAGON-301021","Lancer Men Dark Grey Sports Shoes","In stock","899 INR","Lancer","-","men","men","1","DRAGON-301021","solid","male","https://www.popularshoemart.com/product/lancer-dragon-d-gry-8","https://kartmax-product-live-bucket.s3.ap-south-1.amazonaws.com/sites/3pmylNkGfdV7pPbyDJsN/product-images/DRAGON-DGR-301021-01.jpg","https://kartmax-product-live-bucket.s3.ap-south-1.amazonaws.com/sites/3pmylNkGfdV7pPbyDJsN/product-images/DRAGON-DGR-301021-01.jpg","published","Grey","42/8","new","100","100","","","","-","-","-","-","-","-","-","-","-","-"
"I263819","Doctor + Orthopedic Men Brown Loafers","DRIVE-01-231222","Doctor + Orthopedic Men Brown Loafers","In stock","1799 INR","Doctor + Orthopedic","-","men","men","1","DRIVE-01-231222","solid","male","https://www.popularshoemart.com/product/doctor-drive-01-brown-7","https://kartmax-product-live-bucket.s3.ap-south-1.amazonaws.com/sites/3pmylNkGfdV7pPbyDJsN/product-images/DRIVE-01-BR-231222-01.jpg","https://kartmax-product-live-bucket.s3.ap-south-1.amazonaws.com/sites/3pmylNkGfdV7pPbyDJsN/product-images/DRIVE-01-BR-231222-01.jpg","","Brown","41/7","new","7","25","","","","-","-","-","-","-","-","-","-","-","-"
"I296110","Alpha Kicks Men Casual Shoes","EQUIPMENT-281123","Alpha Kicks Men Casual Shoes","In stock","699 INR","Alpha Kicks","-","men","men","5","EQUIPMENT-281123","solid","male","https://www.popularshoemart.com/product/alpha-kicks-equipment-l-grey-8","https://kartmax-product-live-bucket.s3.ap-south-1.amazonaws.com/sites/3pmylNkGfdV7pPbyDJsN/product-images/EQUIPMENT-L.GRY-281123-01.jpg","https://kartmax-product-live-bucket.s3.ap-south-1.amazonaws.com/sites/3pmylNkGfdV7pPbyDJsN/product-images/EQUIPMENT-L.GRY-281123-01.jpg","","Grey","42/8","new","70","60","","","","-","-","-","-","-","-","-","-","-","-"
"I296175","Alpha Kicks Men Sports Shoes","EGO-281123","Alpha Kicks Men Sports Shoes","In stock","1799 INR","Alpha Kicks","-","men","men","3","EGO-281123","solid","male","https://www.popularshoemart.com/product/alpha-kicks-ego-l-gry-slvr-7","https://kartmax-product-live-bucket.s3.ap-south-1.amazonaws.com/sites/3pmylNkGfdV7pPbyDJsN/product-images/EGO-L.GRY-SIL-281123-01.jpg","https://kartmax-product-live-bucket.s3.ap-south-1.amazonaws.com/sites/3pmylNkGfdV7pPbyDJsN/product-images/EGO-L.GRY-SIL-281123-01.jpg","","Grey","41/7","new","60","60","","","","-","-","-","-","-","-","-","-","-","-"
"I263497","Antique Men Brown Slippers","A-8-121222","Antique Men Brown Slippers","In stock","1999 INR","Antique","-","men","men","1","A-8-121222","solid","male","https://www.popularshoemart.com/product/antique-a-8-brown-6","https://kartmax-product-live-bucket.s3.ap-south-1.amazonaws.com/sites/3pmylNkGfdV7pPbyDJsN/product-images/A-8-BRN-121222-01.jpg","https://kartmax-product-live-bucket.s3.ap-south-1.amazonaws.com/sites/3pmylNkGfdV7pPbyDJsN/product-images/A-8-BRN-121222-01.jpg","","Brown","40/6","new","20","40","","","","-","-","-","-","-","-","-","-","-","-"
"I263488","Antique Men Brown Slippers","A-2-121222","Antique Men Brown Slippers","In stock","1999 INR","Antique","-","men","men","1","A-2-121222","solid","male","https://www.popularshoemart.com/product/antique-a-2-brown-7","https://kartmax-product-live-bucket.s3.ap-south-1.amazonaws.com/sites/3pmylNkGfdV7pPbyDJsN/product-images/A-2-BRN-121222-01.jpg","https://kartmax-product-live-bucket.s3.ap-south-1.amazonaws.com/sites/3pmylNkGfdV7pPbyDJsN/product-images/A-2-BRN-121222-01.jpg","","Brown","41/7","new","20","20","","","","-","-","-","-","-","-","-","-","-","-"
"I314761","Redford Men Black Sandals","H-204-280224","Redford Men Black Sandals","In stock","1049 INR","Redford","-","brands","brands","2","H-204-280224","solid","male","https://www.popularshoemart.com/product/redford-h-204-black-7","https://kartmax-product-live-bucket.s3.ap-south-1.amazonaws.com/sites/3pmylNkGfdV7pPbyDJsN/product-images/H-204-BLK-280224-011.jpg","https://kartmax-product-live-bucket.s3.ap-south-1.amazonaws.com/sites/3pmylNkGfdV7pPbyDJsN/product-images/H-204-BLK-280224-011.jpg","published","Black","41/7","new","83","100","","","","-","-","-","-","-","-","-","-","-","-"
"I312712","Redford Men Tan Sandals","FXT-05-280224","Introducing the Redford Men Tan Office Chappal by Popular Shoe Mart, a perfect blend of classic style and modern design. Crafted with highquality synthetic material, this office chappal for men ensures allday comfort with a soft, skinfriendly feel. Whether you're navigating flat or uneven surfaces, the sturdy grip provides reliable support throughout your busy day. Ideal for office wear, ethnic occasions, and leisure, these chappals are the best choice for those seeking both style and comfort in one. Upgrade your footwear collection with these versatile men's office chappals for a polished yet relaxed look.","In stock","1999 INR","Redford","-","brands","brands","3","FXT-05-280224","solid","male","https://www.popularshoemart.com/product/redford-fxt-05-tan-7","https://kartmax-product-live-bucket.s3.ap-south-1.amazonaws.com/sites/3pmylNkGfdV7pPbyDJsN/product-images/FXT-05-TAN-280224-011.jpg","https://kartmax-product-live-bucket.s3.ap-south-1.amazonaws.com/sites/3pmylNkGfdV7pPbyDJsN/product-images/FXT-05-TAN-280224-011.jpg","published","Tan","41/7","new","100","100","","","","-","-","-","-","-","-","-","-","-","-"
"I302819","Redford Men Tan Sandals","BOB-4-280224","Introducing the Redford Men Tan Office Chappal by Popular Shoe Mart, a perfect blend of classic style and modern design. Crafted with highquality synthetic material, this office chappal for men ensures allday comfort with a soft, skinfriendly feel. Whether you're navigating flat or uneven surfaces, the sturdy grip provides reliable support throughout your busy day. Ideal for office wear, ethnic occasions, and leisure, these chappals are the best choice for those seeking both style and comfort in one. Upgrade your footwear collection with these versatile men's office chappals for a polished yet relaxed look.","In stock","1849 INR","Redford","-","brands","brands","4","BOB-4-280224","solid","male","https://www.popularshoemart.com/product/redford-bob-4-tan-7","https://kartmax-product-live-bucket.s3.ap-south-1.amazonaws.com/sites/3pmylNkGfdV7pPbyDJsN/product-images/BOB-4-TAN-280224-011.jpg","https://kartmax-product-live-bucket.s3.ap-south-1.amazonaws.com/sites/3pmylNkGfdV7pPbyDJsN/product-images/BOB-4-TAN-280224-011.jpg","published","Tan","41/7","new","83","100","","","","-","-","-","-","-","-","-","-","-","-"
"I312769","Redford Men Black Sandals","CMRY-01-280224","Redford Men Black Sandals","In stock","1699 INR","Redford","-","brands","brands","2","CMRY-01-280224","solid","male","https://www.popularshoemart.com/product/redford-cmry-01-black-7","https://kartmax-product-live-bucket.s3.ap-south-1.amazonaws.com/sites/3pmylNkGfdV7pPbyDJsN/product-images/CMRY-01-BLK-280224-011.jpg","https://kartmax-product-live-bucket.s3.ap-south-1.amazonaws.com/sites/3pmylNkGfdV7pPbyDJsN/product-images/CMRY-01-BLK-280224-011.jpg","published","Black","41/7","new","83","100","","","","-","-","-","-","-","-","-","-","-","-"
"I302813","Redford Men Brown Sandals","BOB-4-280224","Redford Men Brown Sandals","In stock","1849 INR","Redford","-","brands","brands","5","BOB-4-280224","solid","male","https://www.popularshoemart.com/product/redford-bob-4-brown-7","https://kartmax-product-live-bucket.s3.ap-south-1.amazonaws.com/sites/3pmylNkGfdV7pPbyDJsN/product-images/BOB-4-BRN-280224-011.jpg","https://kartmax-product-live-bucket.s3.ap-south-1.amazonaws.com/sites/3pmylNkGfdV7pPbyDJsN/product-images/BOB-4-BRN-280224-011.jpg","published","Brown","41/7","new","83","100","","","","-","-","-","-","-","-","-","-","-","-"
"I304234","Redford Men Green Sandals","CMRY-02-280224","Redford Men Green Sandals","In stock","1699 INR","Redford","-","brands","brands","3","CMRY-02-280224","solid","male","https://www.popularshoemart.com/product/redford-cmry-02-s-green-7","https://kartmax-product-live-bucket.s3.ap-south-1.amazonaws.com/sites/3pmylNkGfdV7pPbyDJsN/product-images/CMRY-02-S.GRN-280224-011.jpg","https://kartmax-product-live-bucket.s3.ap-south-1.amazonaws.com/sites/3pmylNkGfdV7pPbyDJsN/product-images/CMRY-02-S.GRN-280224-011.jpg","published","Green","41/7","new","100","100","","","","-","-","-","-","-","-","-","-","-","-"
"I238957","Zippers Women V-strap Slippers","PEARL-151223","Step into comfort and style with Zippers Women VStrap Slippers, available in an elegant grey color. These chic chappals for women online are perfect for casual outings or ethnic wear. Crafted with premium materials, they offer a cushioned footbed and a sturdy grip for allday comfort. Shop now and upgrade your wardrobe with the versatile and fashionable Zippers Women VStrap Slippers!","In stock","1049 INR","Zippers","-","new-arrivals","new-arrivals","5","PEARL-151223","solid","female","https://www.popularshoemart.com/product/zippers-pearl-grey-6","https://kartmax-product-live-bucket.s3.ap-south-1.amazonaws.com/sites/3pmylNkGfdV7pPbyDJsN/product-images/PEARL-GREY-151223-01.jpg","https://kartmax-product-live-bucket.s3.ap-south-1.amazonaws.com/sites/3pmylNkGfdV7pPbyDJsN/product-images/PEARL-GREY-151223-01.jpg","published","Grey","36/6","new","89","100","","","","-","-","-","-","-","-","-","-","-","-"
"I238795","Zippers Women V-strap Slippers","PEARL-151223","Step into comfort and style with Zippers Women VStrap Slippers, available in an elegant black color. These chic chappals for women online are perfect for casual outings or ethnic wear. Crafted with premium materials, they offer a cushioned footbed and a sturdy grip for allday comfort. Shop now and upgrade your wardrobe with the versatile and fashionable Zippers Women VStrap Slippers!","In stock","1049 INR","Zippers","-","new-arrivals","new-arrivals","7","PEARL-151223","solid","female","https://www.popularshoemart.com/product/zippers-pearl-black-6","https://kartmax-product-live-bucket.s3.ap-south-1.amazonaws.com/sites/3pmylNkGfdV7pPbyDJsN/product-images/PEARL-BLK-151223-01.jpg","https://kartmax-product-live-bucket.s3.ap-south-1.amazonaws.com/sites/3pmylNkGfdV7pPbyDJsN/product-images/PEARL-BLK-151223-01.jpg","published","Black","36/6","new","89","100","","","","-","-","-","-","-","-","-","-","-","-"
"I238962","Zippers Women V-strap Slippers","PEARL-151223","Zippers Women VStrap Slippers","In stock","1049 INR","Zippers","-","new-arrivals","new-arrivals","3","PEARL-151223","solid","female","https://www.popularshoemart.com/product/zippers-pearl-dk-grey-6","https://kartmax-product-live-bucket.s3.ap-south-1.amazonaws.com/sites/3pmylNkGfdV7pPbyDJsN/product-images/PEARL-D.GRY-151223-01.jpg","https://kartmax-product-live-bucket.s3.ap-south-1.amazonaws.com/sites/3pmylNkGfdV7pPbyDJsN/product-images/PEARL-D.GRY-151223-01.jpg","published","Grey","36/6","new","89","57","","","","-","-","-","-","-","-","-","-","-","-"
"I238790","Zippers Women V-strap Slippers","PEARL-151223","Step into comfort and style with Zippers Women VStrap Slippers, available in an elegant navy color. These chic chappals for women online are perfect for casual outings or ethnic wear. Crafted with premium materials, they offer a cushioned footbed and a sturdy grip for allday comfort. Shop now and upgrade your wardrobe with the versatile and fashionable Zippers Women VStrap Slippers!","In stock","1049 INR","Zippers","-","new-arrivals","new-arrivals","7","PEARL-151223","solid","female","https://www.popularshoemart.com/product/zippers-pearl-navy-6","https://kartmax-product-live-bucket.s3.ap-south-1.amazonaws.com/sites/3pmylNkGfdV7pPbyDJsN/product-images/PEARL-NVY-151223-01.jpg","https://kartmax-product-live-bucket.s3.ap-south-1.amazonaws.com/sites/3pmylNkGfdV7pPbyDJsN/product-images/PEARL-NVY-151223-01.jpg","published","Navy","36/6","new","89","100","","","","-","-","-","-","-","-","-","-","-","-"
"I231847","Zippers Women V-strap Slippers","AMELIYA-151223","Step into comfort and style with Zippers Ameliya Women VStrap Slippers, available in an elegant navy color. These chic chappals for women online are perfect for casual outings or ethnic wear. Crafted with premium materials, they offer a cushioned footbed and a sturdy grip for allday comfort. Shop now and upgrade your wardrobe with the versatile and fashionable Zippers Ameliya Women VStrap Slippers!","In stock","999 INR","Zippers","-","new-arrivals","new-arrivals","5","AMELIYA-151223","solid","female","https://www.popularshoemart.com/product/zippers-ameliya-navy-6","https://kartmax-product-live-bucket.s3.ap-south-1.amazonaws.com/sites/3pmylNkGfdV7pPbyDJsN/product-images/AMELIYA-NVY-151223-01.jpg","https://kartmax-product-live-bucket.s3.ap-south-1.amazonaws.com/sites/3pmylNkGfdV7pPbyDJsN/product-images/AMELIYA-NVY-151223-01.jpg","published","Navy","36/6","new","100","100","","","","-","-","-","-","-","-","-","-","-","-"
"I232604","Zippers Women V-strap Slippers","AMELIYA-151223","Step into comfort and style with Zippers Ameliya Women VStrap Slippers, available in an elegant grey purple color. These chic chappals for women online are perfect for casual outings or ethnic wear. Crafted with premium materials, they offer a cushioned footbed and a sturdy grip for allday comfort. Shop now and upgrade your wardrobe with the versatile and fashionable Zippers Ameliya Women VStrap Slippers!","In stock","999 INR","Zippers","-","new-arrivals","new-arrivals","7","AMELIYA-151223","solid","female","https://www.popularshoemart.com/product/zippers-ameliya-gry-prpl-6","https://kartmax-product-live-bucket.s3.ap-south-1.amazonaws.com/sites/3pmylNkGfdV7pPbyDJsN/product-images/AMELIYA-GRY-PRPL-151223-01.jpg","https://kartmax-product-live-bucket.s3.ap-south-1.amazonaws.com/sites/3pmylNkGfdV7pPbyDJsN/product-images/AMELIYA-GRY-PRPL-151223-01.jpg","published","Purple","36/6","new","100","100","","","","-","-","-","-","-","-","-","-","-","-"
"I232610","Zippers Women V-strap Slippers","AMELIYA-151223","Step into comfort and style with Zippers Ameliya Women VStrap Slippers, available in an elegant grey color. These chic chappals for women online are perfect for casual outings or ethnic wear. Crafted with premium materials, they offer a cushioned footbed and a sturdy grip for allday comfort. Shop now and upgrade your wardrobe with the versatile and fashionable Zippers Ameliya Women VStrap Slippers!","In stock","999 INR","Zippers","-","new-arrivals","new-arrivals","7","AMELIYA-151223","solid","female","https://www.popularshoemart.com/product/zippers-ameliya-grey-6","https://kartmax-product-live-bucket.s3.ap-south-1.amazonaws.com/sites/3pmylNkGfdV7pPbyDJsN/product-images/AMELIYA-GRY-151223-01.jpg","https://kartmax-product-live-bucket.s3.ap-south-1.amazonaws.com/sites/3pmylNkGfdV7pPbyDJsN/product-images/AMELIYA-GRY-151223-01.jpg","published","Grey","36/6","new","100","100","","","","-","-","-","-","-","-","-","-","-","-"
"I294033","Zippers Women V-strap Slippers","MAGGIE-151223","Zippers Women VStrap Slippers","In stock","999 INR","Zippers","-","new-arrivals","new-arrivals","4","MAGGIE-151223","solid","female","https://www.popularshoemart.com/product/zippers-maggie-grey-6","https://kartmax-product-live-bucket.s3.ap-south-1.amazonaws.com/sites/3pmylNkGfdV7pPbyDJsN/product-images/MAGGIE-GRY-151223-01.jpg","https://kartmax-product-live-bucket.s3.ap-south-1.amazonaws.com/sites/3pmylNkGfdV7pPbyDJsN/product-images/MAGGIE-GRY-151223-01.jpg","published","Grey","36/6","new","100","100","","","","-","-","-","-","-","-","-","-","-","-"
"I232622","Zippers Women V-strap Slippers","MAGGIE-151223","Zippers Women VStrap Slippers","In stock","999 INR","Zippers","-","new-arrivals","new-arrivals","4","MAGGIE-151223","solid","female","https://www.popularshoemart.com/product/zippers-maggie-navy-6","https://kartmax-product-live-bucket.s3.ap-south-1.amazonaws.com/sites/3pmylNkGfdV7pPbyDJsN/product-images/MAGGIE-NVY-151223-01.jpg","https://kartmax-product-live-bucket.s3.ap-south-1.amazonaws.com/sites/3pmylNkGfdV7pPbyDJsN/product-images/MAGGIE-NVY-151223-01.jpg","published","Navy","36/6","new","100","100","","","","-","-","-","-","-","-","-","-","-","-"
"I232616","Zippers Women V-strap Slippers","MAGGIE-151223","Zippers Women VStrap Slippers","In stock","999 INR","Zippers","-","new-arrivals","new-arrivals","2","MAGGIE-151223","solid","female","https://www.popularshoemart.com/product/zippers-maggie-purple-6","https://kartmax-product-live-bucket.s3.ap-south-1.amazonaws.com/sites/3pmylNkGfdV7pPbyDJsN/product-images/MAGGIE-PRPL-151223-01.jpg","https://kartmax-product-live-bucket.s3.ap-south-1.amazonaws.com/sites/3pmylNkGfdV7pPbyDJsN/product-images/MAGGIE-PRPL-151223-01.jpg","published","Purple","36/6","new","100","100","","","","-","-","-","-","-","-","-","-","-","-"
"I279836","Abros Men Sports Shoes","ASSG-1266-271123","Abros Men Sports Shoes","In stock","1299 INR","Abros","-","men","men","1","ASSG-1266-271123","solid","male","https://www.popularshoemart.com/product/abros-assg-1266-d-gry-red-8","https://kartmax-product-live-bucket.s3.ap-south-1.amazonaws.com/sites/3pmylNkGfdV7pPbyDJsN/product-images/ASSG-1266-D.GRY-RED-271123-01.jpg","https://kartmax-product-live-bucket.s3.ap-south-1.amazonaws.com/sites/3pmylNkGfdV7pPbyDJsN/product-images/ASSG-1266-D.GRY-RED-271123-01.jpg","","Grey","42/8","new","75","75","","","","-","-","-","-","-","-","-","-","-","-"
"I269991","Abros Men Sports Shoes","ASSG-1130-271123","Abros Men Sports Shoes","In stock","1799 INR","Abros","-","men","men","1","ASSG-1130-271123","solid","male","https://www.popularshoemart.com/product/abros-assg-1130-gry-red-8","https://kartmax-product-live-bucket.s3.ap-south-1.amazonaws.com/sites/3pmylNkGfdV7pPbyDJsN/product-images/ASSG-1130-GRY-RED-271123-01.jpg","https://kartmax-product-live-bucket.s3.ap-south-1.amazonaws.com/sites/3pmylNkGfdV7pPbyDJsN/product-images/ASSG-1130-GRY-RED-271123-01.jpg","","Grey","42/8","new","12","25","","","","-","-","-","-","-","-","-","-","-","-"
"I251575","Abros Men Sports Shoes","ASSG-1112-271123","Abros Men Sports Shoes","In stock","1119 INR","Abros","-","men","men","1","ASSG-1112-271123","solid","male","https://www.popularshoemart.com/product/abros-assg-1112-nvy-mstd-7","https://kartmax-product-live-bucket.s3.ap-south-1.amazonaws.com/sites/3pmylNkGfdV7pPbyDJsN/product-images/ASSG-1112-NVY-MSD-271123-01.jpg","https://kartmax-product-live-bucket.s3.ap-south-1.amazonaws.com/sites/3pmylNkGfdV7pPbyDJsN/product-images/ASSG-1112-NVY-MSD-271123-01.jpg","","Navy","41/7","new","10","16","","","","-","-","-","-","-","-","-","-","-","-"
"I292349","Abros Men Casual Shoes","ALSG-8006-271123","Abros Men Casual Shoes","In stock","1699 INR","Abros","-","men","men","2","ALSG-8006-271123","solid","male","https://www.popularshoemart.com/product/abros-alsg-8006-wht-nvy-8","https://kartmax-product-live-bucket.s3.ap-south-1.amazonaws.com/sites/3pmylNkGfdV7pPbyDJsN/product-images/ALSG-8006-WHT-NVY-271123-01.jpg","https://kartmax-product-live-bucket.s3.ap-south-1.amazonaws.com/sites/3pmylNkGfdV7pPbyDJsN/product-images/ALSG-8006-WHT-NVY-271123-01.jpg","","White","42/8","new","25","25","","","","-","-","-","-","-","-","-","-","-","-"
"I301905","Hooves Women Open-toe Flats","55-553-271123","Hooves Women OpenToe Flats","In stock","849 INR","Hooves","-","new-arrivals","new-arrivals","2","55-553-271123","solid","female","https://www.popularshoemart.com/product/hooves-55-553-pink-11","https://kartmax-product-live-bucket.s3.ap-south-1.amazonaws.com/sites/3pmylNkGfdV7pPbyDJsN/product-images/55-553-PINK-271123-01.jpg","https://kartmax-product-live-bucket.s3.ap-south-1.amazonaws.com/sites/3pmylNkGfdV7pPbyDJsN/product-images/55-553-PINK-271123-01.jpg","","Pink","41/11","new","28","100","","","","-","-","-","-","-","-","-","-","-","-"
"I301859","Hooves Women Open-toe Flats","55-483-271123","Hooves Women OpenToe Flats","In stock","799 INR","Hooves","-","new-arrivals","new-arrivals","2","55-483-271123","solid","female","https://www.popularshoemart.com/product/hooves-55-483-black-7","https://kartmax-product-live-bucket.s3.ap-south-1.amazonaws.com/sites/3pmylNkGfdV7pPbyDJsN/product-images/55-483-BLK-271123-01.jpg","https://kartmax-product-live-bucket.s3.ap-south-1.amazonaws.com/sites/3pmylNkGfdV7pPbyDJsN/product-images/55-483-BLK-271123-01.jpg","","Black","37/7","new","85","100","","","","-","-","-","-","-","-","-","-","-","-"
"I285511","Hooves Women Embellished Flats","55-450-271123","Hooves Women Embellished Flats","In stock","1099 INR","Hooves","-","new-arrivals","new-arrivals","1","55-450-271123","solid","female","https://www.popularshoemart.com/product/hooves-55-450-pink-8","https://kartmax-product-live-bucket.s3.ap-south-1.amazonaws.com/sites/3pmylNkGfdV7pPbyDJsN/product-images/55-450-PINK-271123-01.jpg","https://kartmax-product-live-bucket.s3.ap-south-1.amazonaws.com/sites/3pmylNkGfdV7pPbyDJsN/product-images/55-450-PINK-271123-01.jpg","","Pink","38/8","new","28","100","","","","-","-","-","-","-","-","-","-","-","-"
"I301810","Hooves Women Embellished Slippers","55-499-271123","Hooves Women Embellished Slippers","In stock","1119 INR","Hooves","-","new-arrivals","new-arrivals","2","55-499-271123","solid","female","https://www.popularshoemart.com/product/hooves-55-499-black-7","https://kartmax-product-live-bucket.s3.ap-south-1.amazonaws.com/sites/3pmylNkGfdV7pPbyDJsN/product-images/55-499-BLK-271123-01.jpg","https://kartmax-product-live-bucket.s3.ap-south-1.amazonaws.com/sites/3pmylNkGfdV7pPbyDJsN/product-images/55-499-BLK-271123-01.jpg","","Black","37/7","new","35","100","","","","-","-","-","-","-","-","-","-","-","-"
"I301845","Hooves Women Brown Slippers","55-493-271123","Hooves Women Brown Slippers","In stock","1119 INR","Hooves","-","new-arrivals","new-arrivals","2","55-493-271123","solid","female","https://www.popularshoemart.com/product/hooves-55-493-brown-7","https://kartmax-product-live-bucket.s3.ap-south-1.amazonaws.com/sites/3pmylNkGfdV7pPbyDJsN/product-images/55-493-BRN-271123-01.jpg","https://kartmax-product-live-bucket.s3.ap-south-1.amazonaws.com/sites/3pmylNkGfdV7pPbyDJsN/product-images/55-493-BRN-271123-01.jpg","","Brown","37/7","new","85","100","","","","-","-","-","-","-","-","-","-","-","-"
"I301896","Hooves Women Open Toe Wedges","55-419-271123","Hooves Women Open Toe Wedges","In stock","799 INR","Hooves","-","new-arrivals","new-arrivals","3","55-419-271123","solid","female","https://www.popularshoemart.com/product/hooves-55-419-tan-9","https://kartmax-product-live-bucket.s3.ap-south-1.amazonaws.com/sites/3pmylNkGfdV7pPbyDJsN/product-images/55-419-TAN-271123-01.jpg","https://kartmax-product-live-bucket.s3.ap-south-1.amazonaws.com/sites/3pmylNkGfdV7pPbyDJsN/product-images/55-419-TAN-271123-01.jpg","","Tan","39/9","new","57","100","","","","-","-","-","-","-","-","-","-","-","-"
"I301832","Hooves Women Open Toe Wedges","55-502-271123","Hooves Women Open Toe Wedges","In stock","999 INR","Hooves","-","new-arrivals","new-arrivals","1","55-502-271123","solid","female","https://www.popularshoemart.com/product/hooves-55-502-pink-8","https://kartmax-product-live-bucket.s3.ap-south-1.amazonaws.com/sites/3pmylNkGfdV7pPbyDJsN/product-images/55-502-PINK-271123-01.jpg","https://kartmax-product-live-bucket.s3.ap-south-1.amazonaws.com/sites/3pmylNkGfdV7pPbyDJsN/product-images/55-502-PINK-271123-01.jpg","","Pink","38/8","new","28","100","","","","-","-","-","-","-","-","-","-","-","-"
"I301915","Hooves Women Tan Slippers","55-539-271123","Hooves Women Tan Slippers","In stock","1119 INR","Hooves","-","new-arrivals","new-arrivals","4","55-539-271123","solid","female","https://www.popularshoemart.com/product/hooves-55-539-tan-7","https://kartmax-product-live-bucket.s3.ap-south-1.amazonaws.com/sites/3pmylNkGfdV7pPbyDJsN/product-images/55-539-TAN-271123-01.jpg","https://kartmax-product-live-bucket.s3.ap-south-1.amazonaws.com/sites/3pmylNkGfdV7pPbyDJsN/product-images/55-539-TAN-271123-01.jpg","","Tan","37/7","new","85","100","","","","-","-","-","-","-","-","-","-","-","-"
"I261412","Hooves Women Embellished Flats","55-55-271123","Hooves Women Embellished Flats","In stock","899 INR","Hooves","-","new-arrivals","new-arrivals","1","55-55-271123","solid","female","https://www.popularshoemart.com/product/hooves-55-55-grey-12","https://kartmax-product-live-bucket.s3.ap-south-1.amazonaws.com/sites/3pmylNkGfdV7pPbyDJsN/product-images/55-55-GREY-271123-01.jpg","https://kartmax-product-live-bucket.s3.ap-south-1.amazonaws.com/sites/3pmylNkGfdV7pPbyDJsN/product-images/55-55-GREY-271123-01.jpg","","Grey","42/12","new","16","100","","","","-","-","-","-","-","-","-","-","-","-"
"I186699","Hooves Women Embellished Wedges","55-10-271123","Hooves Women Embellished Wedges","In stock","929 INR","Hooves","-","new-arrivals","new-arrivals","2","55-10-271123","solid","female","https://www.popularshoemart.com/product/hooves-55-10-black-8","https://kartmax-product-live-bucket.s3.ap-south-1.amazonaws.com/sites/3pmylNkGfdV7pPbyDJsN/product-images/55-10-BLK-271123-01.jpg","https://kartmax-product-live-bucket.s3.ap-south-1.amazonaws.com/sites/3pmylNkGfdV7pPbyDJsN/product-images/55-10-BLK-271123-01.jpg","","Black","38/8","new","28","100","","","","-","-","-","-","-","-","-","-","-","-"
"I224600","Hooves Women Open-toe Flats","55-96-271123","Hooves Women OpenToe Flats","In stock","829 INR","Hooves","-","new-arrivals","new-arrivals","1","55-96-271123","solid","female","https://www.popularshoemart.com/product/hooves-55-96-fuchsia-8","https://kartmax-product-live-bucket.s3.ap-south-1.amazonaws.com/sites/3pmylNkGfdV7pPbyDJsN/product-images/55-96-FUCH-271123-01.jpg","https://kartmax-product-live-bucket.s3.ap-south-1.amazonaws.com/sites/3pmylNkGfdV7pPbyDJsN/product-images/55-96-FUCH-271123-01.jpg","","Fuchsia","38/8","new","41","100","","","","-","-","-","-","-","-","-","-","-","-"
"I301891","Hooves Women Open-toe Flats","55-96-271123","Hooves Women OpenToe Flats","In stock","829 INR","Hooves","-","new-arrivals","new-arrivals","2","55-96-271123","solid","female","https://www.popularshoemart.com/product/hooves-55-96-black-11","https://kartmax-product-live-bucket.s3.ap-south-1.amazonaws.com/sites/3pmylNkGfdV7pPbyDJsN/product-images/55-96-BLK-271123-01.jpg","https://kartmax-product-live-bucket.s3.ap-south-1.amazonaws.com/sites/3pmylNkGfdV7pPbyDJsN/product-images/55-96-BLK-271123-01.jpg","","Black","41/11","new","41","100","","","","-","-","-","-","-","-","-","-","-","-"
"I301839","Hooves Women Grey Slippers","55-496-271123","Hooves Women Grey Slippers","In stock","1119 INR","Hooves","-","new-arrivals","new-arrivals","1","55-496-271123","solid","female","https://www.popularshoemart.com/product/hooves-55-496-grey-8","https://kartmax-product-live-bucket.s3.ap-south-1.amazonaws.com/sites/3pmylNkGfdV7pPbyDJsN/product-images/55-496-GREY-271123-01.jpg","https://kartmax-product-live-bucket.s3.ap-south-1.amazonaws.com/sites/3pmylNkGfdV7pPbyDJsN/product-images/55-496-GREY-271123-01.jpg","","Grey","38/8","new","71","100","","","","-","-","-","-","-","-","-","-","-","-"
"I301880","Hooves Women Embellished Slippers","55-497-271123","Hooves Women Embellished Slippers","In stock","1119 INR","Hooves","-","new-arrivals","new-arrivals","2","55-497-271123","solid","female","https://www.popularshoemart.com/product/hooves-55-497-pink-7","https://kartmax-product-live-bucket.s3.ap-south-1.amazonaws.com/sites/3pmylNkGfdV7pPbyDJsN/product-images/55-497-PINK-271123-01.jpg","https://kartmax-product-live-bucket.s3.ap-south-1.amazonaws.com/sites/3pmylNkGfdV7pPbyDJsN/product-images/55-497-PINK-271123-01.jpg","","Pink","37/7","new","85","100","","","","-","-","-","-","-","-","-","-","-","-"
"I301038","Scarlet V-strap Blue Slippers","A-2403-281123","Scarlet VStrap Blue Slippers","In stock","1399 INR","Scarlet","-","brands","brands","3","A-2403-281123","solid","female","https://www.popularshoemart.com/product/scarlet-a-2403-blue-7","https://kartmax-product-live-bucket.s3.ap-south-1.amazonaws.com/sites/3pmylNkGfdV7pPbyDJsN/product-images/A-2403-BLUE-281123-01.jpg","https://kartmax-product-live-bucket.s3.ap-south-1.amazonaws.com/sites/3pmylNkGfdV7pPbyDJsN/product-images/A-2403-BLUE-281123-01.jpg","published","Blue","37/7","new","78","71","","","","-","-","-","-","-","-","-","-","-","-"
"I301087","Scarlet Women Open-toe Wedges","A-2407-281123","Scarlet Women OpenToe Wedges","In stock","1799 INR","Scarlet","-","brands","brands","5","A-2407-281123","solid","female","https://www.popularshoemart.com/product/scarlet-a-2407-black-7","https://kartmax-product-live-bucket.s3.ap-south-1.amazonaws.com/sites/3pmylNkGfdV7pPbyDJsN/product-images/A-2407-BLK-281123-01.jpg","https://kartmax-product-live-bucket.s3.ap-south-1.amazonaws.com/sites/3pmylNkGfdV7pPbyDJsN/product-images/A-2407-BLK-281123-01.jpg","published","Black","37/7","new","85","85","","","","-","-","-","-","-","-","-","-","-","-"
"I301108","Scarlet Women V-strap Grey Slippers","A-102-281123","Scarlet Women VStrap Grey Slippers","In stock","1599 INR","Scarlet","-","brands","brands","1","A-102-281123","solid","female","https://www.popularshoemart.com/product/scarlet-a-102-grey-7","https://kartmax-product-live-bucket.s3.ap-south-1.amazonaws.com/sites/3pmylNkGfdV7pPbyDJsN/product-images/A-102-GREY-281123-01.jpg","https://kartmax-product-live-bucket.s3.ap-south-1.amazonaws.com/sites/3pmylNkGfdV7pPbyDJsN/product-images/A-102-GREY-281123-01.jpg","published","Grey","37/7","new","42","42","","","","-","-","-","-","-","-","-","-","-","-"
"I301137","Scarlet Women Open-toe Flats","A-2410-281123","Scarlet Women OpenToe Flats","In stock","1399 INR","Scarlet","-","brands","brands","1","A-2410-281123","solid","female","https://www.popularshoemart.com/product/scarlet-a-2410-chiku-7","https://kartmax-product-live-bucket.s3.ap-south-1.amazonaws.com/sites/3pmylNkGfdV7pPbyDJsN/product-images/A-2410-CHIKU-281123-01.jpg","https://kartmax-product-live-bucket.s3.ap-south-1.amazonaws.com/sites/3pmylNkGfdV7pPbyDJsN/product-images/A-2410-CHIKU-281123-01.jpg","published","Chiku","37/7","new","78","85","","","","-","-","-","-","-","-","-","-","-","-"
"I301031","Scarlet Women Grey Slippers","A-2402-281123","Scarlet Women Grey Slippers","In stock","1119 INR","Scarlet","-","brands","brands","2","A-2402-281123","solid","female","https://www.popularshoemart.com/product/scarlet-a-2402-grey-7","https://kartmax-product-live-bucket.s3.ap-south-1.amazonaws.com/sites/3pmylNkGfdV7pPbyDJsN/product-images/A-2402-GREY-281123-01.jpg","https://kartmax-product-live-bucket.s3.ap-south-1.amazonaws.com/sites/3pmylNkGfdV7pPbyDJsN/product-images/A-2402-GREY-281123-01.jpg","published","Grey","37/7","new","85","85","","","","-","-","-","-","-","-","-","-","-","-"
"I301052","Scarlet Women V-strap Peach Slippers","A-2404-281123","Scarlet Women VStrap Peach Slippers","In stock","1399 INR","Scarlet","-","brands","brands","3","A-2404-281123","solid","female","https://www.popularshoemart.com/product/scarlet-a-2404-peach-7","https://kartmax-product-live-bucket.s3.ap-south-1.amazonaws.com/sites/3pmylNkGfdV7pPbyDJsN/product-images/A-2404-PE-281123-01.jpg","https://kartmax-product-live-bucket.s3.ap-south-1.amazonaws.com/sites/3pmylNkGfdV7pPbyDJsN/product-images/A-2404-PE-281123-01.jpg","published","Peach","37/7","new","78","85","","","","-","-","-","-","-","-","-","-","-","-"
"I301024","Scarlet Women Blue Slippers","A-2401-281123","Scarlet Women Blue Slippers","In stock","1119 INR","Scarlet","-","brands","brands","3","A-2401-281123","solid","female","https://www.popularshoemart.com/product/scarlet-a-2401-blue-7","https://kartmax-product-live-bucket.s3.ap-south-1.amazonaws.com/sites/3pmylNkGfdV7pPbyDJsN/product-images/A-2401-BLUE-281123-01.jpg","https://kartmax-product-live-bucket.s3.ap-south-1.amazonaws.com/sites/3pmylNkGfdV7pPbyDJsN/product-images/A-2401-BLUE-281123-01.jpg","published","Blue","37/7","new","71","71","","","","-","-","-","-","-","-","-","-","-","-"
"I301045","Scarlet Women V-strap Peach Slippers","A-2403-281123","Scarlet Women VStrap Peach Slippers","In stock","1399 INR","Scarlet","-","brands","brands","1","A-2403-281123","solid","female","https://www.popularshoemart.com/product/scarlet-a-2403-peach-7","https://kartmax-product-live-bucket.s3.ap-south-1.amazonaws.com/sites/3pmylNkGfdV7pPbyDJsN/product-images/A-2403-PE-281123-01.jpg","https://kartmax-product-live-bucket.s3.ap-south-1.amazonaws.com/sites/3pmylNkGfdV7pPbyDJsN/product-images/A-2403-PE-281123-01.jpg","published","Peach","37/7","new","78","85","","","","-","-","-","-","-","-","-","-","-","-"
"I301059","Scarlet Women V-strap Grey Slippers","A-2404-281123","Scarlet Women VStrap Grey Slippers","In stock","1399 INR","Scarlet","-","brands","brands","3","A-2404-281123","solid","female","https://www.popularshoemart.com/product/scarlet-a-2404-grey-7","https://kartmax-product-live-bucket.s3.ap-south-1.amazonaws.com/sites/3pmylNkGfdV7pPbyDJsN/product-images/A-2404-GRY-281123-01.jpg","https://kartmax-product-live-bucket.s3.ap-south-1.amazonaws.com/sites/3pmylNkGfdV7pPbyDJsN/product-images/A-2404-GRY-281123-01.jpg","published","Grey","37/7","new","78","71","","","","-","-","-","-","-","-","-","-","-","-"
"I301066","Scarlet Open Toe Sandals","A-2405-281123","Scarlet Open Toe Sandals","In stock","1399 INR","Scarlet","-","brands","brands","2","A-2405-281123","solid","female","https://www.popularshoemart.com/product/scarlet-a-2405-grey-7","https://kartmax-product-live-bucket.s3.ap-south-1.amazonaws.com/sites/3pmylNkGfdV7pPbyDJsN/product-images/A-2405-GRY-281123-01.jpg","https://kartmax-product-live-bucket.s3.ap-south-1.amazonaws.com/sites/3pmylNkGfdV7pPbyDJsN/product-images/A-2405-GRY-281123-01.jpg","published","Grey","37/7","new","57","71","","","","-","-","-","-","-","-","-","-","-","-"
"I301073","Scarlet Open Toe Sandals","A-2405-281123","Scarlet Open Toe Sandals","In stock","1399 INR","Scarlet","-","brands","brands","1","A-2405-281123","solid","female","https://www.popularshoemart.com/product/scarlet-a-2405-peach-7","https://kartmax-product-live-bucket.s3.ap-south-1.amazonaws.com/sites/3pmylNkGfdV7pPbyDJsN/product-images/A-2405-PE-281123-01.jpg","https://kartmax-product-live-bucket.s3.ap-south-1.amazonaws.com/sites/3pmylNkGfdV7pPbyDJsN/product-images/A-2405-PE-281123-01.jpg","published","Peach","37/7","new","57","42","","","","-","-","-","-","-","-","-","-","-","-"
"I301093","Scarlet Women Open-toe Wedges","A-2407-281123","Scarlet Women OpenToe Wedges","In stock","1799 INR","Scarlet","-","brands","brands","2","A-2407-281123","solid","female","https://www.popularshoemart.com/product/scarlet-a-2407-gold-6","https://kartmax-product-live-bucket.s3.ap-south-1.amazonaws.com/sites/3pmylNkGfdV7pPbyDJsN/product-images/A-2407-GOLD-281123-01.jpg","https://kartmax-product-live-bucket.s3.ap-south-1.amazonaws.com/sites/3pmylNkGfdV7pPbyDJsN/product-images/A-2407-GOLD-281123-01.jpg","published","Gold","36/6","new","85","85","","","","-","-","-","-","-","-","-","-","-","-"
"I301117","Scarlet Women Open-toe Wedges","A-2408-281123","Scarlet Women OpenToe Wedges","In stock","1499 INR","Scarlet","-","brands","brands","2","A-2408-281123","solid","female","https://www.popularshoemart.com/product/scarlet-a-2408-antiq-8","https://kartmax-product-live-bucket.s3.ap-south-1.amazonaws.com/sites/3pmylNkGfdV7pPbyDJsN/product-images/A-2408-AN-281123-01.jpg","https://kartmax-product-live-bucket.s3.ap-south-1.amazonaws.com/sites/3pmylNkGfdV7pPbyDJsN/product-images/A-2408-AN-281123-01.jpg","published","Antique","38/8","new","28","28","","","","-","-","-","-","-","-","-","-","-","-"
"I301123","Scarlet Women Open-toe Heels","A-2409-281123","Scarlet Women OpenToe Heels","In stock","1499 INR","Scarlet","-","brands","brands","3","A-2409-281123","solid","female","https://www.popularshoemart.com/product/scarlet-a-2409-sultan-7","https://kartmax-product-live-bucket.s3.ap-south-1.amazonaws.com/sites/3pmylNkGfdV7pPbyDJsN/product-images/A-2409-SULTAN-281123-01.jpg","https://kartmax-product-live-bucket.s3.ap-south-1.amazonaws.com/sites/3pmylNkGfdV7pPbyDJsN/product-images/A-2409-SULTAN-281123-01.jpg","published","Sultan","37/7","new","71","71","","","","-","-","-","-","-","-","-","-","-","-"
"I301130","Scarlet Women Open-toe Flats","A-2410-281123","Scarlet Women OpenToe Flats","In stock","1399 INR","Scarlet","-","brands","brands","1","A-2410-281123","solid","female","https://www.popularshoemart.com/product/scarlet-a-2410-black-7","https://kartmax-product-live-bucket.s3.ap-south-1.amazonaws.com/sites/3pmylNkGfdV7pPbyDJsN/product-images/A-2410-BLK-281123-01.jpg","https://kartmax-product-live-bucket.s3.ap-south-1.amazonaws.com/sites/3pmylNkGfdV7pPbyDJsN/product-images/A-2410-BLK-281123-01.jpg","published","Black","37/7","new","78","71","","","","-","-","-","-","-","-","-","-","-","-"
"I236822","Scarlet V-strap Embellished Flats","B-114-240322","Scarlet VStrap Embellished Flats","In stock","1599 INR","Scarlet","-","brands","brands","1","B-114-240322","solid","female","https://www.popularshoemart.com/product/scarlet-b-114-red-8","https://kartmax-product-live-bucket.s3.ap-south-1.amazonaws.com/sites/3pmylNkGfdV7pPbyDJsN/product-images/B-114-RED-240322-011.jpg","https://kartmax-product-live-bucket.s3.ap-south-1.amazonaws.com/sites/3pmylNkGfdV7pPbyDJsN/product-images/B-114-RED-240322-011.jpg","published","Red","38/8","new","22","50","","","","-","-","-","-","-","-","-","-","-","-"
"I236828","Scarlet V-strap Embellished Flats","B-114-240322","Scarlet VStrap Embellished Flats","In stock","1599 INR","Scarlet","-","brands","brands","1","B-114-240322","solid","female","https://www.popularshoemart.com/product/scarlet-b-114-gold-8","https://kartmax-product-live-bucket.s3.ap-south-1.amazonaws.com/sites/3pmylNkGfdV7pPbyDJsN/product-images/B-114-GLD-240322-011.jpg","https://kartmax-product-live-bucket.s3.ap-south-1.amazonaws.com/sites/3pmylNkGfdV7pPbyDJsN/product-images/B-114-GLD-240322-011.jpg","published","Gold","38/8","new","22","16","","","","-","-","-","-","-","-","-","-","-","-"
"I236834","Scarlet Women Ring-toe Flats","B-115-240322","Scarlet Women RingToe Flats","In stock","1199 INR","Scarlet","-","brands","brands","1","B-115-240322","solid","female","https://www.popularshoemart.com/product/scarlet-b-115-peach-7","https://kartmax-product-live-bucket.s3.ap-south-1.amazonaws.com/sites/3pmylNkGfdV7pPbyDJsN/product-images/B-115-PE-240322-011.jpg","https://kartmax-product-live-bucket.s3.ap-south-1.amazonaws.com/sites/3pmylNkGfdV7pPbyDJsN/product-images/B-115-PE-240322-011.jpg","published","Peach","37/7","new","14","14","","","","-","-","-","-","-","-","-","-","-","-"
"I236840","Scarlet Women Ring-toe Flats","B-115-240322","Scarlet Women RingToe Flats","In stock","1199 INR","Scarlet","-","brands","brands","1","B-115-240322","solid","female","https://www.popularshoemart.com/product/scarlet-b-115-yellow-6","https://kartmax-product-live-bucket.s3.ap-south-1.amazonaws.com/sites/3pmylNkGfdV7pPbyDJsN/product-images/B-115-YLW-240322-011.jpg","https://kartmax-product-live-bucket.s3.ap-south-1.amazonaws.com/sites/3pmylNkGfdV7pPbyDJsN/product-images/B-115-YLW-240322-011.jpg","published","Yellow","36/6","new","14","14","","","","-","-","-","-","-","-","-","-","-","-"
"I236888","Scarlet Women Sliders With Buckle","A-117-240322","Scarlet Women Sliders With Buckle","In stock","1799 INR","Scarlet","-","brands","brands","1","A-117-240322","solid","female","https://www.popularshoemart.com/product/scarlet-a-117-pink-8","https://kartmax-product-live-bucket.s3.ap-south-1.amazonaws.com/sites/3pmylNkGfdV7pPbyDJsN/product-images/A-117-PNK-240322-011.jpg","https://kartmax-product-live-bucket.s3.ap-south-1.amazonaws.com/sites/3pmylNkGfdV7pPbyDJsN/product-images/A-117-PNK-240322-011.jpg","published","Pink","38/8","new","8","16","","","","-","-","-","-","-","-","-","-","-","-"
"I236871","Scarlet Open-toe Slip-on Wedges","A-126-240322","Scarlet OpenToe SlipOn Wedges","In stock","1799 INR","Scarlet","-","brands","brands","1","A-126-240322","solid","female","https://www.popularshoemart.com/product/scarlet-a-126-grey-6","https://kartmax-product-live-bucket.s3.ap-south-1.amazonaws.com/sites/3pmylNkGfdV7pPbyDJsN/product-images/A-126-GRY-240322-011.jpg","https://kartmax-product-live-bucket.s3.ap-south-1.amazonaws.com/sites/3pmylNkGfdV7pPbyDJsN/product-images/A-126-GRY-240322-011.jpg","published","Grey","36/6","new","43","66","","","","-","-","-","-","-","-","-","-","-","-"
"I236879","Scarlet Open-toe Slip-on Wedges","A-126-240322","Scarlet OpenToe SlipOn Wedges","In stock","1799 INR","Scarlet","-","brands","brands","1","A-126-240322","solid","female","https://www.popularshoemart.com/product/scarlet-a-126-red-9","https://kartmax-product-live-bucket.s3.ap-south-1.amazonaws.com/sites/3pmylNkGfdV7pPbyDJsN/product-images/A-126-RED-240322-011.jpg","https://kartmax-product-live-bucket.s3.ap-south-1.amazonaws.com/sites/3pmylNkGfdV7pPbyDJsN/product-images/A-126-RED-240322-011.jpg","published","Red","39/9","new","43","60","","","","-","-","-","-","-","-","-","-","-","-"
"I236968","Scarlet V-strap Embellished Flats","A-129-240322","Scarlet VStrap Embellished Flats","In stock","2099 INR","Scarlet","-","brands","brands","1","A-129-240322","solid","female","https://www.popularshoemart.com/product/scarlet-a-129-peach-9","https://kartmax-product-live-bucket.s3.ap-south-1.amazonaws.com/sites/3pmylNkGfdV7pPbyDJsN/product-images/A-129-PE-240322-011.jpg","https://kartmax-product-live-bucket.s3.ap-south-1.amazonaws.com/sites/3pmylNkGfdV7pPbyDJsN/product-images/A-129-PE-240322-011.jpg","published","Peach","39/9","new","8","16","","","","-","-","-","-","-","-","-","-","-","-"
"I296104","Alpha Kicks Men Casual Shoes","EQUIPMENT-281123","Alpha Kicks Men Casual Shoes","In stock","699 INR","Alpha Kicks","-","men","men","1","EQUIPMENT-281123","solid","male","https://www.popularshoemart.com/product/alpha-kicks-equipment-navy-7","https://kartmax-product-live-bucket.s3.ap-south-1.amazonaws.com/sites/3pmylNkGfdV7pPbyDJsN/product-images/EQUIPMENT-NVY-281123-01.jpg","https://kartmax-product-live-bucket.s3.ap-south-1.amazonaws.com/sites/3pmylNkGfdV7pPbyDJsN/product-images/EQUIPMENT-NVY-281123-01.jpg","","Navy","41/7","new","70","80","","","","-","-","-","-","-","-","-","-","-","-"
"I296125","Alpha Kicks Men Sports Shoes","AIR ZOOM-281123","Alpha Kicks Men Sports Shoes","In stock","999 INR","Alpha Kicks","-","men","men","1","AIR ZOOM-281123","solid","male","https://www.popularshoemart.com/product/alpha-kicks-air-zoom-l-grey-8","https://kartmax-product-live-bucket.s3.ap-south-1.amazonaws.com/sites/3pmylNkGfdV7pPbyDJsN/product-images/AIR ZOOM-L.GRY-281123-01.jpg","https://kartmax-product-live-bucket.s3.ap-south-1.amazonaws.com/sites/3pmylNkGfdV7pPbyDJsN/product-images/AIR ZOOM-L.GRY-281123-01.jpg","","Grey","42/8","new","60","60","","","","-","-","-","-","-","-","-","-","-","-"
"I296188","Alpha Kicks Men Sports Shoes","ZOOM 39-281123","Alpha Kicks Men Sports Shoes","In stock","1399 INR","Alpha Kicks","-","men","men","2","ZOOM 39-281123","solid","male","https://www.popularshoemart.com/product/alpha-kicks-zoom-39-blk-wht-8","https://kartmax-product-live-bucket.s3.ap-south-1.amazonaws.com/sites/3pmylNkGfdV7pPbyDJsN/product-images/ZOOM 39-BK-WHT-281123-01.jpg","https://kartmax-product-live-bucket.s3.ap-south-1.amazonaws.com/sites/3pmylNkGfdV7pPbyDJsN/product-images/ZOOM 39-BK-WHT-281123-01.jpg","","Black","42/8","new","33","50","","","","-","-","-","-","-","-","-","-","-","-"
"I296134","Alpha Kicks Men Sports Shoes","REVOLUTION-281123","Alpha Kicks Men Sports Shoes","In stock","1399 INR","Alpha Kicks","-","men","men","2","REVOLUTION-281123","solid","male","https://www.popularshoemart.com/product/alpha-kicks-revolution-d-grey-7","https://kartmax-product-live-bucket.s3.ap-south-1.amazonaws.com/sites/3pmylNkGfdV7pPbyDJsN/product-images/REVOLUTION-D.GRY-281123-01.jpg","https://kartmax-product-live-bucket.s3.ap-south-1.amazonaws.com/sites/3pmylNkGfdV7pPbyDJsN/product-images/REVOLUTION-D.GRY-281123-01.jpg","","Grey","41/7","new","80","80","","","","-","-","-","-","-","-","-","-","-","-"
"I296129","Alpha Kicks Men Sports Shoes","REVOLUTION-281123","Alpha Kicks Men Sports Shoes","In stock","1399 INR","Alpha Kicks","-","men","men","2","REVOLUTION-281123","solid","male","https://www.popularshoemart.com/product/alpha-kicks-revolution-white-7","https://kartmax-product-live-bucket.s3.ap-south-1.amazonaws.com/sites/3pmylNkGfdV7pPbyDJsN/product-images/REVOLUTION-WHT-281123-01.jpg","https://kartmax-product-live-bucket.s3.ap-south-1.amazonaws.com/sites/3pmylNkGfdV7pPbyDJsN/product-images/REVOLUTION-WHT-281123-01.jpg","","White","41/7","new","80","80","","","","-","-","-","-","-","-","-","-","-","-"
"I296144","Alpha Kicks Men Sports Shoes","CHARGE-281123","Alpha Kicks Men Sports Shoes","In stock","1399 INR","Alpha Kicks","-","men","men","1","CHARGE-281123","solid","male","https://www.popularshoemart.com/product/alpha-kicks-charge-d-grey-7","https://kartmax-product-live-bucket.s3.ap-south-1.amazonaws.com/sites/3pmylNkGfdV7pPbyDJsN/product-images/CHARGE-D.GRY-281123-01.jpg","https://kartmax-product-live-bucket.s3.ap-south-1.amazonaws.com/sites/3pmylNkGfdV7pPbyDJsN/product-images/CHARGE-D.GRY-281123-01.jpg","","Grey","41/7","new","80","80","","","","-","-","-","-","-","-","-","-","-","-"
"I296141","Alpha Kicks Men Sports Shoes","REVOLUTION-281123","Alpha Kicks Men Sports Shoes","In stock","1399 INR","Alpha Kicks","-","men","men","2","REVOLUTION-281123","solid","male","https://www.popularshoemart.com/product/alpha-kicks-revolution-l-grey-9","https://kartmax-product-live-bucket.s3.ap-south-1.amazonaws.com/sites/3pmylNkGfdV7pPbyDJsN/product-images/REVOLUTION-L.GRY-281123-01.jpg","https://kartmax-product-live-bucket.s3.ap-south-1.amazonaws.com/sites/3pmylNkGfdV7pPbyDJsN/product-images/REVOLUTION-L.GRY-281123-01.jpg","","Grey","43/9","new","80","80","","","","-","-","-","-","-","-","-","-","-","-"
"I296115","Alpha Kicks Men Walking Shoes","GO WALK-281123","Alpha Kicks Men Walking Shoes","In stock","1299 INR","Alpha Kicks","-","men","men","1","GO WALK-281123","solid","male","https://www.popularshoemart.com/product/alpha-kicks-go-walk-d-grey-8","https://kartmax-product-live-bucket.s3.ap-south-1.amazonaws.com/sites/3pmylNkGfdV7pPbyDJsN/product-images/GO WALK-D.GRY-281123-01.jpg","https://kartmax-product-live-bucket.s3.ap-south-1.amazonaws.com/sites/3pmylNkGfdV7pPbyDJsN/product-images/GO WALK-D.GRY-281123-01.jpg","","Grey","42/8","new","40","40","","","","-","-","-","-","-","-","-","-","-","-"
"I296121","Alpha Kicks Men Walking Shoes","GO WALK-281123","Alpha Kicks Men Walking Shoes","In stock","1299 INR","Alpha Kicks","-","men","men","1","GO WALK-281123","solid","male","https://www.popularshoemart.com/product/alpha-kicks-go-walk-f-black-9","https://kartmax-product-live-bucket.s3.ap-south-1.amazonaws.com/sites/3pmylNkGfdV7pPbyDJsN/product-images/GO WALK-F.BK-281123-01.jpg","https://kartmax-product-live-bucket.s3.ap-south-1.amazonaws.com/sites/3pmylNkGfdV7pPbyDJsN/product-images/GO WALK-F.BK-281123-01.jpg","","Black","43/9","new","40","40","","","","-","-","-","-","-","-","-","-","-","-"
"I296193","Alpha Kicks Men Sports Shoes","ZOOM 39-281123","Alpha Kicks Men Sports Shoes","In stock","1399 INR","Alpha Kicks","-","men","men","1","ZOOM 39-281123","solid","male","https://www.popularshoemart.com/product/alpha-kicks-zoom-39-wht-blk-7","https://kartmax-product-live-bucket.s3.ap-south-1.amazonaws.com/sites/3pmylNkGfdV7pPbyDJsN/product-images/ZOOM 39-WHT-BK-281123-01.jpg","https://kartmax-product-live-bucket.s3.ap-south-1.amazonaws.com/sites/3pmylNkGfdV7pPbyDJsN/product-images/ZOOM 39-WHT-BK-281123-01.jpg","","White","41/7","new","33","50","","","","-","-","-","-","-","-","-","-","-","-"
"I296199","Alpha Kicks Men Running Shoes","LOTTO-281123","Alpha Kicks Men Running Shoes","In stock","1699 INR","Alpha Kicks","-","men","men","1","LOTTO-281123","solid","male","https://www.popularshoemart.com/product/alpha-kicks-lotto-e-blue-8","https://kartmax-product-live-bucket.s3.ap-south-1.amazonaws.com/sites/3pmylNkGfdV7pPbyDJsN/product-images/LOTTO-E.BLU-281123-01.jpg","https://kartmax-product-live-bucket.s3.ap-south-1.amazonaws.com/sites/3pmylNkGfdV7pPbyDJsN/product-images/LOTTO-E.BLU-281123-01.jpg","","Blue","42/8","new","60","60","","","","-","-","-","-","-","-","-","-","-","-"
"I296155","Alpha Kicks Men Sports Shoes","ARCH-281123","Alpha Kicks Men Sports Shoes","In stock","1499 INR","Alpha Kicks","-","men","men","3","ARCH-281123","solid","male","https://www.popularshoemart.com/product/alpha-kicks-arch-navy-7","https://kartmax-product-live-bucket.s3.ap-south-1.amazonaws.com/sites/3pmylNkGfdV7pPbyDJsN/product-images/ARCH-NVY-281123-01.jpg","https://kartmax-product-live-bucket.s3.ap-south-1.amazonaws.com/sites/3pmylNkGfdV7pPbyDJsN/product-images/ARCH-NVY-281123-01.jpg","","Navy","41/7","new","80","80","","","","-","-","-","-","-","-","-","-","-","-"
"I321460","Scarlet Women Embellished Wedges","B-2401-080424","Scarlet Women Embellished Wedges","In stock","2499 INR","Scarlet","-","brands","brands","4","B-2401-080424","solid","female","https://www.popularshoemart.com/product/scarlet-b-2401-beige-7","https://kartmax-product-live-bucket.s3.ap-south-1.amazonaws.com/sites/3pmylNkGfdV7pPbyDJsN/product-images/B-2401-BG-080424-01.jpg","https://kartmax-product-live-bucket.s3.ap-south-1.amazonaws.com/sites/3pmylNkGfdV7pPbyDJsN/product-images/B-2401-BG-080424-01.jpg","published","Beige","37/7","new","100","100","","","","-","-","-","-","-","-","-","-","-","-"
"I321454","Scarlet Women Embellished Wedges","B-2401-080424","Scarlet Women Embellished Wedges","In stock","2499 INR","Scarlet","-","brands","brands","6","B-2401-080424","solid","female","https://www.popularshoemart.com/product/scarlet-b-2401-grey-7","https://kartmax-product-live-bucket.s3.ap-south-1.amazonaws.com/sites/3pmylNkGfdV7pPbyDJsN/product-images/B-2401-GRY-080424-01.jpg","https://kartmax-product-live-bucket.s3.ap-south-1.amazonaws.com/sites/3pmylNkGfdV7pPbyDJsN/product-images/B-2401-GRY-080424-01.jpg","published","Grey","37/7","new","100","100","","","","-","-","-","-","-","-","-","-","-","-"
"I321472","Scarlet Women Open Toe Flats","B-2402-080424","Scarlet Women Open Toe Flats","In stock","1299 INR","Scarlet","-","brands","brands","4","B-2402-080424","solid","female","https://www.popularshoemart.com/product/scarlet-b-2402-firozi-7","https://kartmax-product-live-bucket.s3.ap-south-1.amazonaws.com/sites/3pmylNkGfdV7pPbyDJsN/product-images/B-2402-FIR-080424-01.jpg","https://kartmax-product-live-bucket.s3.ap-south-1.amazonaws.com/sites/3pmylNkGfdV7pPbyDJsN/product-images/B-2402-FIR-080424-01.jpg","published","Firozi","37/7","new","100","100","","","","-","-","-","-","-","-","-","-","-","-"
"I321466","Scarlet Women Open Toe Flats","B-2402-080424","Scarlet Women Open Toe Flats","In stock","1299 INR","Scarlet","-","brands","brands","1","B-2402-080424","solid","female","https://www.popularshoemart.com/product/scarlet-b-2402-grey-7","https://kartmax-product-live-bucket.s3.ap-south-1.amazonaws.com/sites/3pmylNkGfdV7pPbyDJsN/product-images/B-2402-GRY-080424-01.jpg","https://kartmax-product-live-bucket.s3.ap-south-1.amazonaws.com/sites/3pmylNkGfdV7pPbyDJsN/product-images/B-2402-GRY-080424-01.jpg","published","Grey","37/7","new","100","100","","","","-","-","-","-","-","-","-","-","-","-"
"I321478","Scarlet Women Open Toe Flats","B-2403-080424","Scarlet Women Open Toe Flats","In stock","1399 INR","Scarlet","-","brands","brands","3","B-2403-080424","solid","female","https://www.popularshoemart.com/product/scarlet-b-2403-beige-7","https://kartmax-product-live-bucket.s3.ap-south-1.amazonaws.com/sites/3pmylNkGfdV7pPbyDJsN/product-images/B-2403-BG-080424-01.jpg","https://kartmax-product-live-bucket.s3.ap-south-1.amazonaws.com/sites/3pmylNkGfdV7pPbyDJsN/product-images/B-2403-BG-080424-01.jpg","published","Beige","37/7","new","100","100","","","","-","-","-","-","-","-","-","-","-","-"
"I321484","Scarlet Women Open Toe Flats","B-2403-080424","Scarlet Women Open Toe Flats","In stock","1399 INR","Scarlet","-","brands","brands","1","B-2403-080424","solid","female","https://www.popularshoemart.com/product/scarlet-b-2403-black-7","https://kartmax-product-live-bucket.s3.ap-south-1.amazonaws.com/sites/3pmylNkGfdV7pPbyDJsN/product-images/B-2403-BLK-080424-01.jpg","https://kartmax-product-live-bucket.s3.ap-south-1.amazonaws.com/sites/3pmylNkGfdV7pPbyDJsN/product-images/B-2403-BLK-080424-01.jpg","published","Black","37/7","new","100","100","","","","-","-","-","-","-","-","-","-","-","-"
"I321496","Scarlet Women Open Toe Heels","B-2404-080424","Scarlet Women Open Toe Heels","In stock","1499 INR","Scarlet","-","brands","brands","3","B-2404-080424","solid","female","https://www.popularshoemart.com/product/scarlet-b-2404-green-7","https://kartmax-product-live-bucket.s3.ap-south-1.amazonaws.com/sites/3pmylNkGfdV7pPbyDJsN/product-images/B-2404-GRN-080424-01.jpg","https://kartmax-product-live-bucket.s3.ap-south-1.amazonaws.com/sites/3pmylNkGfdV7pPbyDJsN/product-images/B-2404-GRN-080424-01.jpg","published","Green","37/7","new","100","100","","","","-","-","-","-","-","-","-","-","-","-"
"I321490","Scarlet Women Open Toe Heels","B-2404-080424","Scarlet Women Open Toe Heels","In stock","1499 INR","Scarlet","-","brands","brands","2","B-2404-080424","solid","female","https://www.popularshoemart.com/product/scarlet-b-2404-sultan-7","https://kartmax-product-live-bucket.s3.ap-south-1.amazonaws.com/sites/3pmylNkGfdV7pPbyDJsN/product-images/B-2404-SUL-080424-01.jpg","https://kartmax-product-live-bucket.s3.ap-south-1.amazonaws.com/sites/3pmylNkGfdV7pPbyDJsN/product-images/B-2404-SUL-080424-01.jpg","published","Sultan","37/7","new","100","100","","","","-","-","-","-","-","-","-","-","-","-"
"I321268","Scarlet Women Embellished Wedges","MF-1-080424","Scarlet Women Embellished Wedges","In stock","2599 INR","Scarlet","-","brands","brands","1","MF-1-080424","solid","female","https://www.popularshoemart.com/product/scarlet-mf-1-black-6","https://kartmax-product-live-bucket.s3.ap-south-1.amazonaws.com/sites/3pmylNkGfdV7pPbyDJsN/product-images/MF-1-BLK-080424-01.jpg","https://kartmax-product-live-bucket.s3.ap-south-1.amazonaws.com/sites/3pmylNkGfdV7pPbyDJsN/product-images/MF-1-BLK-080424-01.jpg","published","Black","36/6","new","100","100","","","","-","-","-","-","-","-","-","-","-","-"
"I321280","Scarlet Women V-strap Wedges","MF-2-080424","Scarlet Women VStrap Wedges","In stock","1999 INR","Scarlet","-","brands","brands","2","MF-2-080424","solid","female","https://www.popularshoemart.com/product/scarlet-mf-2-black-6","https://kartmax-product-live-bucket.s3.ap-south-1.amazonaws.com/sites/3pmylNkGfdV7pPbyDJsN/product-images/MF-2-BLK-080424-01.jpg","https://kartmax-product-live-bucket.s3.ap-south-1.amazonaws.com/sites/3pmylNkGfdV7pPbyDJsN/product-images/MF-2-BLK-080424-01.jpg","published","Black","36/6","new","100","100","","","","-","-","-","-","-","-","-","-","-","-"
"I321286","Scarlet Women V-strap Wedges","MF-2-080424","Scarlet Women VStrap Wedges","In stock","1999 INR","Scarlet","-","brands","brands","2","MF-2-080424","solid","female","https://www.popularshoemart.com/product/scarlet-mf-2-gold-6","https://kartmax-product-live-bucket.s3.ap-south-1.amazonaws.com/sites/3pmylNkGfdV7pPbyDJsN/product-images/MF-2-GLD-080424-01.jpg","https://kartmax-product-live-bucket.s3.ap-south-1.amazonaws.com/sites/3pmylNkGfdV7pPbyDJsN/product-images/MF-2-GLD-080424-01.jpg","published","Gold","36/6","new","100","100","","","","-","-","-","-","-","-","-","-","-","-"
"I321292","Scarlet Women Blocked Wedges","MF-3-080424","Scarlet Women Blocked Wedges","In stock","2299 INR","Scarlet","-","brands","brands","2","MF-3-080424","solid","female","https://www.popularshoemart.com/product/scarlet-mf-3-beige-6","https://kartmax-product-live-bucket.s3.ap-south-1.amazonaws.com/sites/3pmylNkGfdV7pPbyDJsN/product-images/MF-3-BG-080424-01.jpg","https://kartmax-product-live-bucket.s3.ap-south-1.amazonaws.com/sites/3pmylNkGfdV7pPbyDJsN/product-images/MF-3-BG-080424-01.jpg","published","Beige","36/6","new","100","100","","","","-","-","-","-","-","-","-","-","-","-"
"I321298","Scarlet Women Blocked Wedges","MF-3-080424","Scarlet Women Blocked Wedges","In stock","2299 INR","Scarlet","-","brands","brands","1","MF-3-080424","solid","female","https://www.popularshoemart.com/product/scarlet-mf-3-blue-6","https://kartmax-product-live-bucket.s3.ap-south-1.amazonaws.com/sites/3pmylNkGfdV7pPbyDJsN/product-images/MF-3-BLU-080424-01.jpg","https://kartmax-product-live-bucket.s3.ap-south-1.amazonaws.com/sites/3pmylNkGfdV7pPbyDJsN/product-images/MF-3-BLU-080424-01.jpg","published","Blue","36/6","new","100","100","","","","-","-","-","-","-","-","-","-","-","-"
"I321304","Scarlet Women Toe Ring Wedges","MF-4-080424","Scarlet Women Toe Ring Wedges","In stock","1999 INR","Scarlet","-","brands","brands","1","MF-4-080424","solid","female","https://www.popularshoemart.com/product/scarlet-mf-4-chiku-6","https://kartmax-product-live-bucket.s3.ap-south-1.amazonaws.com/sites/3pmylNkGfdV7pPbyDJsN/product-images/MF-4-CHI-080424-01.jpg","https://kartmax-product-live-bucket.s3.ap-south-1.amazonaws.com/sites/3pmylNkGfdV7pPbyDJsN/product-images/MF-4-CHI-080424-01.jpg","published","Chiku","36/6","new","100","100","","","","-","-","-","-","-","-","-","-","-","-"
"I321310","Scarlet Women Toe Ring Wedges","MF-4-080424","Scarlet Women Toe Ring Wedges","In stock","1999 INR","Scarlet","-","brands","brands","1","MF-4-080424","solid","female","https://www.popularshoemart.com/product/scarlet-mf-4-gunmetal-6","https://kartmax-product-live-bucket.s3.ap-south-1.amazonaws.com/sites/3pmylNkGfdV7pPbyDJsN/product-images/MF-4-GM-080424-01.jpg","https://kartmax-product-live-bucket.s3.ap-south-1.amazonaws.com/sites/3pmylNkGfdV7pPbyDJsN/product-images/MF-4-GM-080424-01.jpg","published","Gunmetal","36/6","new","100","100","","","","-","-","-","-","-","-","-","-","-","-"
"I321317","Scarlet Women Heeled Sandals","MF-5-080424","Scarlet Women Heeled Sandals","In stock","2499 INR","Scarlet","-","brands","brands","4","MF-5-080424","solid","female","https://www.popularshoemart.com/product/scarlet-mf-5-beige-7","https://kartmax-product-live-bucket.s3.ap-south-1.amazonaws.com/sites/3pmylNkGfdV7pPbyDJsN/product-images/MF-5-BG-080424-01.jpg","https://kartmax-product-live-bucket.s3.ap-south-1.amazonaws.com/sites/3pmylNkGfdV7pPbyDJsN/product-images/MF-5-BG-080424-01.jpg","published","Beige","37/7","new","91","83","","","","-","-","-","-","-","-","-","-","-","-"
"I321322","Scarlet Women Heeled Sandals","MF-5-080424","Scarlet Women Heeled Sandals","In stock","2499 INR","Scarlet","-","brands","brands","3","MF-5-080424","solid","female","https://www.popularshoemart.com/product/scarlet-mf-5-grey-6","https://kartmax-product-live-bucket.s3.ap-south-1.amazonaws.com/sites/3pmylNkGfdV7pPbyDJsN/product-images/MF-5-GRY-080424-01.jpg","https://kartmax-product-live-bucket.s3.ap-south-1.amazonaws.com/sites/3pmylNkGfdV7pPbyDJsN/product-images/MF-5-GRY-080424-01.jpg","published","Grey","36/6","new","91","100","","","","-","-","-","-","-","-","-","-","-","-"
"I321334","Scarlet Women Blocked Wedges","MF-6-080424","Scarlet Women Blocked Wedges","In stock","2499 INR","Scarlet","-","brands","brands","1","MF-6-080424","solid","female","https://www.popularshoemart.com/product/scarlet-mf-6-sultan-6","https://kartmax-product-live-bucket.s3.ap-south-1.amazonaws.com/sites/3pmylNkGfdV7pPbyDJsN/product-images/MF-6-SUL-080424-01.jpg","https://kartmax-product-live-bucket.s3.ap-south-1.amazonaws.com/sites/3pmylNkGfdV7pPbyDJsN/product-images/MF-6-SUL-080424-01.jpg","published","Sultan","36/6","new","100","100","","","","-","-","-","-","-","-","-","-","-","-"
"I321328","Scarlet Women Blocked Wedges","MF-6-080424","Scarlet Women Blocked Wedges","In stock","2499 INR","Scarlet","-","brands","brands","1","MF-6-080424","solid","female","https://www.popularshoemart.com/product/scarlet-mf-6-black-6","https://kartmax-product-live-bucket.s3.ap-south-1.amazonaws.com/sites/3pmylNkGfdV7pPbyDJsN/product-images/MF-6-BLK-080424-01.jpg","https://kartmax-product-live-bucket.s3.ap-south-1.amazonaws.com/sites/3pmylNkGfdV7pPbyDJsN/product-images/MF-6-BLK-080424-01.jpg","published","Black","36/6","new","100","100","","","","-","-","-","-","-","-","-","-","-","-"
"I321340","Scarlet Women Toe Ring Wedges","MF-7-080424","Scarlet Women Toe Ring Wedges","In stock","2499 INR","Scarlet","-","brands","brands","3","MF-7-080424","solid","female","https://www.popularshoemart.com/product/scarlet-mf-7-black-6","https://kartmax-product-live-bucket.s3.ap-south-1.amazonaws.com/sites/3pmylNkGfdV7pPbyDJsN/product-images/MF-7-BLK-080424-01.jpg","https://kartmax-product-live-bucket.s3.ap-south-1.amazonaws.com/sites/3pmylNkGfdV7pPbyDJsN/product-images/MF-7-BLK-080424-01.jpg","published","Black","36/6","new","100","100","","","","-","-","-","-","-","-","-","-","-","-"
"I321346","Scarlet Women Toe Ring Wedges","MF-7-080424","Scarlet Women Toe Ring Wedges","In stock","2499 INR","Scarlet","-","brands","brands","1","MF-7-080424","solid","female","https://www.popularshoemart.com/product/scarlet-mf-7-tan-6","https://kartmax-product-live-bucket.s3.ap-south-1.amazonaws.com/sites/3pmylNkGfdV7pPbyDJsN/product-images/MF-7-TAN-080424-01.jpg","https://kartmax-product-live-bucket.s3.ap-south-1.amazonaws.com/sites/3pmylNkGfdV7pPbyDJsN/product-images/MF-7-TAN-080424-01.jpg","published","Tan","36/6","new","100","100","","","","-","-","-","-","-","-","-","-","-","-"
"I321358","Scarlet Women V-strap Heels","MF-8-080424","Scarlet Women VStrap Heels","In stock","1999 INR","Scarlet","-","brands","brands","1","MF-8-080424","solid","female","https://www.popularshoemart.com/product/scarlet-mf-8-beige-6","https://kartmax-product-live-bucket.s3.ap-south-1.amazonaws.com/sites/3pmylNkGfdV7pPbyDJsN/product-images/MF-8-BG-080424-01.jpg","https://kartmax-product-live-bucket.s3.ap-south-1.amazonaws.com/sites/3pmylNkGfdV7pPbyDJsN/product-images/MF-8-BG-080424-01.jpg","published","Beige","36/6","new","91","83","","","","-","-","-","-","-","-","-","-","-","-"
"I321352","Scarlet Women V-strap Heels","MF-8-080424","Scarlet Women VStrap Heels","In stock","1999 INR","Scarlet","-","brands","brands","2","MF-8-080424","solid","female","https://www.popularshoemart.com/product/scarlet-mf-8-black-6","https://kartmax-product-live-bucket.s3.ap-south-1.amazonaws.com/sites/3pmylNkGfdV7pPbyDJsN/product-images/MF-8-BLK-080424-01.jpg","https://kartmax-product-live-bucket.s3.ap-south-1.amazonaws.com/sites/3pmylNkGfdV7pPbyDJsN/product-images/MF-8-BLK-080424-01.jpg","published","Black","36/6","new","91","100","","","","-","-","-","-","-","-","-","-","-","-"
"I321364","Scarlet Women Open-toe Wedges","MF-9-080424","Scarlet Women OpenToe Wedges","In stock","2499 INR","Scarlet","-","brands","brands","3","MF-9-080424","solid","female","https://www.popularshoemart.com/product/scarlet-mf-9-beige-6","https://kartmax-product-live-bucket.s3.ap-south-1.amazonaws.com/sites/3pmylNkGfdV7pPbyDJsN/product-images/MF-9-BG-080424-01.jpg","https://kartmax-product-live-bucket.s3.ap-south-1.amazonaws.com/sites/3pmylNkGfdV7pPbyDJsN/product-images/MF-9-BG-080424-01.jpg","published","Beige","36/6","new","91","100","","","","-","-","-","-","-","-","-","-","-","-"
"I321371","Scarlet Women Open-toe Wedges","MF-9-080424","Scarlet Women OpenToe Wedges","In stock","2499 INR","Scarlet","-","brands","brands","3","MF-9-080424","solid","female","https://www.popularshoemart.com/product/scarlet-mf-9-black-7","https://kartmax-product-live-bucket.s3.ap-south-1.amazonaws.com/sites/3pmylNkGfdV7pPbyDJsN/product-images/MF-9-BLK-080424-01.jpg","https://kartmax-product-live-bucket.s3.ap-south-1.amazonaws.com/sites/3pmylNkGfdV7pPbyDJsN/product-images/MF-9-BLK-080424-01.jpg","published","Black","37/7","new","91","83","","","","-","-","-","-","-","-","-","-","-","-"
"I321382","Scarlet Women Ring Toe Wedges","MF-10-080424","Scarlet Women Ring Toe Wedges","In stock","2499 INR","Scarlet","-","brands","brands","2","MF-10-080424","solid","female","https://www.popularshoemart.com/product/scarlet-mf-10-chiku-6","https://kartmax-product-live-bucket.s3.ap-south-1.amazonaws.com/sites/3pmylNkGfdV7pPbyDJsN/product-images/MF-10-CHI-080424-01.jpg","https://kartmax-product-live-bucket.s3.ap-south-1.amazonaws.com/sites/3pmylNkGfdV7pPbyDJsN/product-images/MF-10-CHI-080424-01.jpg","published","Chiku","36/6","new","100","100","","","","-","-","-","-","-","-","-","-","-","-"
"I321376","Scarlet Women Ring Toe Wedges","MF-10-080424","Scarlet Women Ring Toe Wedges","In stock","2499 INR","Scarlet","-","brands","brands","3","MF-10-080424","solid","female","https://www.popularshoemart.com/product/scarlet-mf-10-black-6","https://kartmax-product-live-bucket.s3.ap-south-1.amazonaws.com/sites/3pmylNkGfdV7pPbyDJsN/product-images/MF-10-BLK-080424-01.jpg","https://kartmax-product-live-bucket.s3.ap-south-1.amazonaws.com/sites/3pmylNkGfdV7pPbyDJsN/product-images/MF-10-BLK-080424-01.jpg","published","Black","36/6","new","100","100","","","","-","-","-","-","-","-","-","-","-","-"
"I321388","Scarlet Women Embellished Heels","MF-11-080424","Scarlet Women Embellished Heels","In stock","1799 INR","Scarlet","-","brands","brands","2","MF-11-080424","solid","female","https://www.popularshoemart.com/product/scarlet-mf-11-black-6","https://kartmax-product-live-bucket.s3.ap-south-1.amazonaws.com/sites/3pmylNkGfdV7pPbyDJsN/product-images/MF-11-BLK-080424-01.jpg","https://kartmax-product-live-bucket.s3.ap-south-1.amazonaws.com/sites/3pmylNkGfdV7pPbyDJsN/product-images/MF-11-BLK-080424-01.jpg","published","Black","36/6","new","100","100","","","","-","-","-","-","-","-","-","-","-","-"
"I321394","Scarlet Women Embellished Heels","MF-11-080424","Scarlet Women Embellished Heels","In stock","1799 INR","Scarlet","-","brands","brands","1","MF-11-080424","solid","female","https://www.popularshoemart.com/product/scarlet-mf-11-gold-6","https://kartmax-product-live-bucket.s3.ap-south-1.amazonaws.com/sites/3pmylNkGfdV7pPbyDJsN/product-images/MF-11-GLD-080424-01.jpg","https://kartmax-product-live-bucket.s3.ap-south-1.amazonaws.com/sites/3pmylNkGfdV7pPbyDJsN/product-images/MF-11-GLD-080424-01.jpg","published","Gold","36/6","new","100","100","","","","-","-","-","-","-","-","-","-","-","-"
"I321406","Scarlet Women Open Toe Wedges","MF-12-080424","Scarlet Women Open Toe Wedges","In stock","1999 INR","Scarlet","-","brands","brands","1","MF-12-080424","solid","female","https://www.popularshoemart.com/product/scarlet-mf-12-beige-6","https://kartmax-product-live-bucket.s3.ap-south-1.amazonaws.com/sites/3pmylNkGfdV7pPbyDJsN/product-images/MF-12-BG-080424-01.jpg","https://kartmax-product-live-bucket.s3.ap-south-1.amazonaws.com/sites/3pmylNkGfdV7pPbyDJsN/product-images/MF-12-BG-080424-01.jpg","published","Beige","36/6","new","100","100","","","","-","-","-","-","-","-","-","-","-","-"
"I321400","Scarlet Women Open Toe Wedges","MF-12-080424","Scarlet Women Open Toe Wedges","In stock","1999 INR","Scarlet","-","brands","brands","1","MF-12-080424","solid","female","https://www.popularshoemart.com/product/scarlet-mf-12-black-6","https://kartmax-product-live-bucket.s3.ap-south-1.amazonaws.com/sites/3pmylNkGfdV7pPbyDJsN/product-images/MF-12-BLK-080424-01.jpg","https://kartmax-product-live-bucket.s3.ap-south-1.amazonaws.com/sites/3pmylNkGfdV7pPbyDJsN/product-images/MF-12-BLK-080424-01.jpg","published","Black","36/6","new","100","100","","","","-","-","-","-","-","-","-","-","-","-"
"I321412","Scarlet Women Multi Starp Wedges","MF-14-080424","Scarlet Women Multi Starp Wedges","In stock","1999 INR","Scarlet","-","brands","brands","2","MF-14-080424","solid","female","https://www.popularshoemart.com/product/scarlet-mf-14-black-6","https://kartmax-product-live-bucket.s3.ap-south-1.amazonaws.com/sites/3pmylNkGfdV7pPbyDJsN/product-images/MF-14-BLK-080424-01.jpg","https://kartmax-product-live-bucket.s3.ap-south-1.amazonaws.com/sites/3pmylNkGfdV7pPbyDJsN/product-images/MF-14-BLK-080424-01.jpg","published","Black","36/6","new","100","100","","","","-","-","-","-","-","-","-","-","-","-"
"I321418","Scarlet Women Multi Starp Wedges","MF-14-080424","Scarlet Women Multi Starp Wedges","In stock","1999 INR","Scarlet","-","brands","brands","3","MF-14-080424","solid","female","https://www.popularshoemart.com/product/scarlet-mf-14-grey-6","https://kartmax-product-live-bucket.s3.ap-south-1.amazonaws.com/sites/3pmylNkGfdV7pPbyDJsN/product-images/MF-14-GRY-080424-01.jpg","https://kartmax-product-live-bucket.s3.ap-south-1.amazonaws.com/sites/3pmylNkGfdV7pPbyDJsN/product-images/MF-14-GRY-080424-01.jpg","published","Grey","36/6","new","100","100","","","","-","-","-","-","-","-","-","-","-","-"
"I321430","Scarlet Women Open-toe Wedges","MF-15-080424","Scarlet Women OpenToe Wedges","In stock","2399 INR","Scarlet","-","brands","brands","2","MF-15-080424","solid","female","https://www.popularshoemart.com/product/scarlet-mf-15-beige-6","https://kartmax-product-live-bucket.s3.ap-south-1.amazonaws.com/sites/3pmylNkGfdV7pPbyDJsN/product-images/MF-15-BG-080424-01.jpg","https://kartmax-product-live-bucket.s3.ap-south-1.amazonaws.com/sites/3pmylNkGfdV7pPbyDJsN/product-images/MF-15-BG-080424-01.jpg","published","Beige","36/6","new","100","100","","","","-","-","-","-","-","-","-","-","-","-"
"I321424","Scarlet Women Open-toe Wedges","MF-15-080424","Scarlet Women OpenToe Wedges","In stock","2399 INR","Scarlet","-","brands","brands","2","MF-15-080424","solid","female","https://www.popularshoemart.com/product/scarlet-mf-15-black-6","https://kartmax-product-live-bucket.s3.ap-south-1.amazonaws.com/sites/3pmylNkGfdV7pPbyDJsN/product-images/MF-15-BLK-080424-01.jpg","https://kartmax-product-live-bucket.s3.ap-south-1.amazonaws.com/sites/3pmylNkGfdV7pPbyDJsN/product-images/MF-15-BLK-080424-01.jpg","published","Black","36/6","new","100","100","","","","-","-","-","-","-","-","-","-","-","-"
"I321436","Scarlet Women Toe Ring Wedges","MF-16-080424","Scarlet Women Toe Ring Wedges","In stock","2499 INR","Scarlet","-","brands","brands","1","MF-16-080424","solid","female","https://www.popularshoemart.com/product/scarlet-mf-16-black-6","https://kartmax-product-live-bucket.s3.ap-south-1.amazonaws.com/sites/3pmylNkGfdV7pPbyDJsN/product-images/MF-16-BLK-080424-01.jpg","https://kartmax-product-live-bucket.s3.ap-south-1.amazonaws.com/sites/3pmylNkGfdV7pPbyDJsN/product-images/MF-16-BLK-080424-01.jpg","published","Black","36/6","new","100","100","","","","-","-","-","-","-","-","-","-","-","-"
"I321442","Scarlet Women Toe Ring Wedges","MF-16-080424","Scarlet Women Toe Ring Wedges","In stock","2499 INR","Scarlet","-","brands","brands","1","MF-16-080424","solid","female","https://www.popularshoemart.com/product/scarlet-mf-16-chiku-6","https://kartmax-product-live-bucket.s3.ap-south-1.amazonaws.com/sites/3pmylNkGfdV7pPbyDJsN/product-images/MF-16-CHI-080424-01.jpg","https://kartmax-product-live-bucket.s3.ap-south-1.amazonaws.com/sites/3pmylNkGfdV7pPbyDJsN/product-images/MF-16-CHI-080424-01.jpg","published","Chiku","36/6","new","100","100","","","","-","-","-","-","-","-","-","-","-","-"
"I321448","Scarlet Women Embellished Wedges","MF-17-080424","Scarlet Women Embellished Wedges","In stock","2499 INR","Scarlet","-","brands","brands","3","MF-17-080424","solid","female","https://www.popularshoemart.com/product/scarlet-mf-17-black-6","https://kartmax-product-live-bucket.s3.ap-south-1.amazonaws.com/sites/3pmylNkGfdV7pPbyDJsN/product-images/MF-17-BLK-080424-01.jpg","https://kartmax-product-live-bucket.s3.ap-south-1.amazonaws.com/sites/3pmylNkGfdV7pPbyDJsN/product-images/MF-17-BLK-080424-01.jpg","published","Black","36/6","new","100","100","","","","-","-","-","-","-","-","-","-","-","-"
"I320396","Scarlet Women Multi Starp Flats","SH-1720-080424","Scarlet Women Multi Starp Flats","In stock","1599 INR","Scarlet","-","brands","brands","1","SH-1720-080424","solid","female","https://www.popularshoemart.com/product/scarlet-sh-1720-s-green-7","https://kartmax-product-live-bucket.s3.ap-south-1.amazonaws.com/sites/3pmylNkGfdV7pPbyDJsN/product-images/SH-1720-S.GRN-080424-01.jpg","https://kartmax-product-live-bucket.s3.ap-south-1.amazonaws.com/sites/3pmylNkGfdV7pPbyDJsN/product-images/SH-1720-S.GRN-080424-01.jpg","published","Green","37/7","new","100","100","","","","-","-","-","-","-","-","-","-","-","-"
"I320402","Scarlet Women Multi Starp Flats","SH-1720-080424","Scarlet Women Multi Starp Flats","In stock","1599 INR","Scarlet","-","brands","brands","1","SH-1720-080424","solid","female","https://www.popularshoemart.com/product/scarlet-sh-1720-white-7","https://kartmax-product-live-bucket.s3.ap-south-1.amazonaws.com/sites/3pmylNkGfdV7pPbyDJsN/product-images/SH-1720-WHT-080424-01.jpg","https://kartmax-product-live-bucket.s3.ap-south-1.amazonaws.com/sites/3pmylNkGfdV7pPbyDJsN/product-images/SH-1720-WHT-080424-01.jpg","published","White","37/7","new","100","100","","","","-","-","-","-","-","-","-","-","-","-"
"I320378","Scarlet Women Embellished Chunky Heeled Sandals","SH-4013-080424","Scarlet Women Embellished Chunky Heeled Sandals","In stock","1899 INR","Scarlet","-","brands","brands","1","SH-4013-080424","solid","female","https://www.popularshoemart.com/product/scarlet-sh-4013-black-6","https://kartmax-product-live-bucket.s3.ap-south-1.amazonaws.com/sites/3pmylNkGfdV7pPbyDJsN/product-images/SH-4013-BLK-080424-01.jpg","https://kartmax-product-live-bucket.s3.ap-south-1.amazonaws.com/sites/3pmylNkGfdV7pPbyDJsN/product-images/SH-4013-BLK-080424-01.jpg","published","Black","36/6","new","100","100","","","","-","-","-","-","-","-","-","-","-","-"
"I320384","Scarlet Women Embellished Chunky Heeled Sandals","SH-4013-080424","Scarlet Women Embellished Chunky Heeled Sandals","In stock","1899 INR","Scarlet","-","brands","brands","2","SH-4013-080424","solid","female","https://www.popularshoemart.com/product/scarlet-sh-4013-white-6","https://kartmax-product-live-bucket.s3.ap-south-1.amazonaws.com/sites/3pmylNkGfdV7pPbyDJsN/product-images/SH-4013-WHT-080424-01.jpg","https://kartmax-product-live-bucket.s3.ap-south-1.amazonaws.com/sites/3pmylNkGfdV7pPbyDJsN/product-images/SH-4013-WHT-080424-01.jpg","published","White","36/6","new","100","100","","","","-","-","-","-","-","-","-","-","-","-"
"I320366","Scarlet Women Open Toe Heels","SH-4014-080424","Scarlet Women Open Toe Heels","In stock","1499 INR","Scarlet","-","brands","brands","3","SH-4014-080424","solid","female","https://www.popularshoemart.com/product/scarlet-sh-4014-gold-6","https://kartmax-product-live-bucket.s3.ap-south-1.amazonaws.com/sites/3pmylNkGfdV7pPbyDJsN/product-images/SH-4014-GLD-080424-01.jpg","https://kartmax-product-live-bucket.s3.ap-south-1.amazonaws.com/sites/3pmylNkGfdV7pPbyDJsN/product-images/SH-4014-GLD-080424-01.jpg","published","Gold","36/6","new","100","100","","","","-","-","-","-","-","-","-","-","-","-"
"I320372","Scarlet Women Open Toe Heels","SH-4014-080424","Scarlet Women Open Toe Heels","In stock","1499 INR","Scarlet","-","brands","brands","2","SH-4014-080424","solid","female","https://www.popularshoemart.com/product/scarlet-sh-4014-sultan-6","https://kartmax-product-live-bucket.s3.ap-south-1.amazonaws.com/sites/3pmylNkGfdV7pPbyDJsN/product-images/SH-4014-SUL-080424-01.jpg","https://kartmax-product-live-bucket.s3.ap-south-1.amazonaws.com/sites/3pmylNkGfdV7pPbyDJsN/product-images/SH-4014-SUL-080424-01.jpg","published","Sultan","36/6","new","100","100","","","","-","-","-","-","-","-","-","-","-","-"
"I320224","Scarlet Women Solid Block Sandals","SH-8003-080424","Scarlet Women Solid Block Sandals","In stock","2499 INR","Scarlet","-","brands","brands","1","SH-8003-080424","solid","female","https://www.popularshoemart.com/product/scarlet-sh-8003-green-6","https://kartmax-product-live-bucket.s3.ap-south-1.amazonaws.com/sites/3pmylNkGfdV7pPbyDJsN/product-images/SH-8003-GRN-080424-01.jpg","https://kartmax-product-live-bucket.s3.ap-south-1.amazonaws.com/sites/3pmylNkGfdV7pPbyDJsN/product-images/SH-8003-GRN-080424-01.jpg","published","Green","36/6","new","100","100","","","","-","-","-","-","-","-","-","-","-","-"
"I320218","Scarlet Women Solid Block Sandals","SH-8003-080424","Scarlet Women Solid Block Sandals","In stock","2499 INR","Scarlet","-","brands","brands","2","SH-8003-080424","solid","female","https://www.popularshoemart.com/product/scarlet-sh-8003-pink-6","https://kartmax-product-live-bucket.s3.ap-south-1.amazonaws.com/sites/3pmylNkGfdV7pPbyDJsN/product-images/SH-8003-PNK-080424-01.jpg","https://kartmax-product-live-bucket.s3.ap-south-1.amazonaws.com/sites/3pmylNkGfdV7pPbyDJsN/product-images/SH-8003-PNK-080424-01.jpg","published","Pink","36/6","new","100","100","","","","-","-","-","-","-","-","-","-","-","-"
"I320236","Scarlet Women Pointed Heels","SH-9214-080424","Scarlet Women Pointed Heels","In stock","2499 INR","Scarlet","-","brands","brands","1","SH-9214-080424","solid","female","https://www.popularshoemart.com/product/scarlet-sh-9214-black-6","https://kartmax-product-live-bucket.s3.ap-south-1.amazonaws.com/sites/3pmylNkGfdV7pPbyDJsN/product-images/SH-9214-BLK-080424-01.jpg","https://kartmax-product-live-bucket.s3.ap-south-1.amazonaws.com/sites/3pmylNkGfdV7pPbyDJsN/product-images/SH-9214-BLK-080424-01.jpg","published","Black","36/6","new","100","100","","","","-","-","-","-","-","-","-","-","-","-"
"I320230","Scarlet Women Pointed Heels","SH-9214-080424","Scarlet Women Pointed Heels","In stock","2499 INR","Scarlet","-","brands","brands","1","SH-9214-080424","solid","female","https://www.popularshoemart.com/product/scarlet-sh-9214-rust-6","https://kartmax-product-live-bucket.s3.ap-south-1.amazonaws.com/sites/3pmylNkGfdV7pPbyDJsN/product-images/SH-9214-RUST-080424-01.jpg","https://kartmax-product-live-bucket.s3.ap-south-1.amazonaws.com/sites/3pmylNkGfdV7pPbyDJsN/product-images/SH-9214-RUST-080424-01.jpg","published","Rust","36/6","new","100","100","","","","-","-","-","-","-","-","-","-","-","-"
"I315168","Slivertoes Women V-strap Grey Slippers","95-403-080424","Slivertoes Women VStrap Grey Slippers blends style and comfort to deliver you the best experience. This sandal is made from top grade synthetic material to ensure durability and longevity. This pair is guaranteed to give your feet the right balance and cushioning required for office wear, casual, ethnic occasions, and leisure.","In stock","1049 INR","Slivertoes","-","brands","brands","4","95-403-080424","solid","female","https://www.popularshoemart.com/product/slivertoes-95-403-grey-8","https://kartmax-product-live-bucket.s3.ap-south-1.amazonaws.com/sites/3pmylNkGfdV7pPbyDJsN/product-images/95-403-GRY-080424-01.jpg","https://kartmax-product-live-bucket.s3.ap-south-1.amazonaws.com/sites/3pmylNkGfdV7pPbyDJsN/product-images/95-403-GRY-080424-01.jpg","published","Grey","38/8","new","83","83","","","","-","-","-","-","-","-","-","-","-","-"
"I315179","Slivertoes Women V-strap Flats","95-404-080424","Slivertoes Women VStrap Flats blends style and comfort to deliver you the best experience. This sandal is made from top grade synthetic material to ensure durability and longevity. This pair is guaranteed to give your feet the right balance and cushioning required for office wear, casual, ethnic occasions, and leisure.","In stock","1049 INR","Slivertoes","-","brands","brands","10","95-404-080424","solid","female","https://www.popularshoemart.com/product/slivertoes-95-404-black-7","https://kartmax-product-live-bucket.s3.ap-south-1.amazonaws.com/sites/3pmylNkGfdV7pPbyDJsN/product-images/95-404-BLK-080424-01.jpg","https://kartmax-product-live-bucket.s3.ap-south-1.amazonaws.com/sites/3pmylNkGfdV7pPbyDJsN/product-images/95-404-BLK-080424-01.jpg","published","Black","37/7","new","100","100","","","","-","-","-","-","-","-","-","-","-","-"
"I302001","Slivertoes Women Embellished Flats","95-502-080424","Slivertoes Women Embellished Flats blends style and comfort to deliver you the best experience. This sandal is made from top grade synthetic material to ensure durability and longevity. This pair is guaranteed to give your feet the right balance and cushioning required for office wear, casual, ethnic occasions, and leisure.","In stock","1119 INR","Slivertoes","-","brands","brands","3","95-502-080424","solid","female","https://www.popularshoemart.com/product/slivertoes-95-502-blue-8","https://kartmax-product-live-bucket.s3.ap-south-1.amazonaws.com/sites/3pmylNkGfdV7pPbyDJsN/product-images/95-502-BLU-080424-01.jpg","https://kartmax-product-live-bucket.s3.ap-south-1.amazonaws.com/sites/3pmylNkGfdV7pPbyDJsN/product-images/95-502-BLU-080424-01.jpg","published","Blue","38/8","new","83","83","","","","-","-","-","-","-","-","-","-","-","-"
"I301952","Slivertoes Women V-strap Peach Slippers","95-601-080424","Slivertoes Women VStrap Peach Slippers blends style and comfort to deliver you the best experience. This sandal is made from top grade synthetic material to ensure durability and longevity. This pair is guaranteed to give your feet the right balance and cushioning required for office wear, casual, ethnic occasions, and leisure.","In stock","1049 INR","Slivertoes","-","brands","brands","5","95-601-080424","solid","female","https://www.popularshoemart.com/product/slivertoes-95-601-peach-7","https://kartmax-product-live-bucket.s3.ap-south-1.amazonaws.com/sites/3pmylNkGfdV7pPbyDJsN/product-images/95-601-PE-080424-01.jpg","https://kartmax-product-live-bucket.s3.ap-south-1.amazonaws.com/sites/3pmylNkGfdV7pPbyDJsN/product-images/95-601-PE-080424-01.jpg","published","Peach","37/7","new","100","100","","","","-","-","-","-","-","-","-","-","-","-"
"I301983","Slivertoes Women Designed Flats","95-603-080424","Slivertoes Women Designed Flats blends style and comfort to deliver you the best experience. This sandal is made from top grade synthetic material to ensure durability and longevity. This pair is guaranteed to give your feet the right balance and cushioning required for office wear, casual, ethnic occasions, and leisure.","In stock","1049 INR","Slivertoes","-","brands","brands","2","95-603-080424","solid","female","https://www.popularshoemart.com/product/slivertoes-95-603-blue-8","https://kartmax-product-live-bucket.s3.ap-south-1.amazonaws.com/sites/3pmylNkGfdV7pPbyDJsN/product-images/95-603-BLU-080424-01.jpg","https://kartmax-product-live-bucket.s3.ap-south-1.amazonaws.com/sites/3pmylNkGfdV7pPbyDJsN/product-images/95-603-BLU-080424-01.jpg","published","Blue","38/8","new","33","33","","","","-","-","-","-","-","-","-","-","-","-"
"I322933","Slivertoes Women V-strap Flipflops","CL-51-080424","Slivertoes Women VStrap Flipflops blends style and comfort to deliver you the best experience. This sandal is made from top grade synthetic material to ensure durability and longevity. This pair is guaranteed to give your feet the right balance and cushioning required for office wear, casual, ethnic occasions, and leisure.","In stock","849 INR","Slivertoes","-","brands","brands","7","CL-51-080424","solid","female","https://www.popularshoemart.com/product/slivertoes-cl-51-blue-7","https://kartmax-product-live-bucket.s3.ap-south-1.amazonaws.com/sites/3pmylNkGfdV7pPbyDJsN/product-images/CL-51-BLU-080424-01.jpg","https://kartmax-product-live-bucket.s3.ap-south-1.amazonaws.com/sites/3pmylNkGfdV7pPbyDJsN/product-images/CL-51-BLU-080424-01.jpg","published","Blue","37/7","new","58","100","","","","-","-","-","-","-","-","-","-","-","-"
"I322931","Slivertoes Women V-strap Flipflops","CL-51-080424","Slivertoes Women VStrap Flipflops blends style and comfort to deliver you the best experience. This sandal is made from top grade synthetic material to ensure durability and longevity. This pair is guaranteed to give your feet the right balance and cushioning required for office wear, casual, ethnic occasions, and leisure.","In stock","849 INR","Slivertoes","-","brands","brands","1","CL-51-080424","solid","female","https://www.popularshoemart.com/product/slivertoes-cl-51-brown-11","https://kartmax-product-live-bucket.s3.ap-south-1.amazonaws.com/sites/3pmylNkGfdV7pPbyDJsN/product-images/CL-51-BRN-080424-01.jpg","https://kartmax-product-live-bucket.s3.ap-south-1.amazonaws.com/sites/3pmylNkGfdV7pPbyDJsN/product-images/CL-51-BRN-080424-01.jpg","published","Brown","41/11","new","58","16","","","","-","-","-","-","-","-","-","-","-","-"
"I306558","Explore Men Brown Slippers","1252-080424","Explore Men Brown Slippers","In stock","1599 INR","Explore","-","men","men","5","1252-080424","solid","male","https://www.popularshoemart.com/product/explore-1252-brown-9","https://kartmax-product-live-bucket.s3.ap-south-1.amazonaws.com/sites/3pmylNkGfdV7pPbyDJsN/product-images/1252-BRN-080424-01.jpg","https://kartmax-product-live-bucket.s3.ap-south-1.amazonaws.com/sites/3pmylNkGfdV7pPbyDJsN/product-images/1252-BRN-080424-01.jpg","","Brown","43/9","new","75","66","","","","-","-","-","-","-","-","-","-","-","-"
"I306406","Explore Men Brown Slippers","1253-080424","Explore Men Brown Slippers","In stock","1599 INR","Explore","-","men","men","1","1253-080424","solid","male","https://www.popularshoemart.com/product/explore-1253-brown-8","https://kartmax-product-live-bucket.s3.ap-south-1.amazonaws.com/sites/3pmylNkGfdV7pPbyDJsN/product-images/1253-BRN-080424-01.jpg","https://kartmax-product-live-bucket.s3.ap-south-1.amazonaws.com/sites/3pmylNkGfdV7pPbyDJsN/product-images/1253-BRN-080424-01.jpg","","Brown","42/8","new","50","50","","","","-","-","-","-","-","-","-","-","-","-"
"I306411","Explore Men Grey Slippers","1250-080424","Explore Men Grey Slippers","In stock","1599 INR","Explore","-","men","men","2","1250-080424","solid","male","https://www.popularshoemart.com/product/explore-1250-grey-7","https://kartmax-product-live-bucket.s3.ap-south-1.amazonaws.com/sites/3pmylNkGfdV7pPbyDJsN/product-images/1250-GRY-080424-01.jpg","https://kartmax-product-live-bucket.s3.ap-south-1.amazonaws.com/sites/3pmylNkGfdV7pPbyDJsN/product-images/1250-GRY-080424-01.jpg","","Grey","41/7","new","75","83","","","","-","-","-","-","-","-","-","-","-","-"
"I306394","Explore Men Open Toe Slippers","7301-080424","Explore Men Open Toe Slippers","In stock","1599 INR","Explore","-","men","men","1","7301-080424","solid","male","https://www.popularshoemart.com/product/explore-7301-tan-8","https://kartmax-product-live-bucket.s3.ap-south-1.amazonaws.com/sites/3pmylNkGfdV7pPbyDJsN/product-images/7301-TAN-080424-01.jpg","https://kartmax-product-live-bucket.s3.ap-south-1.amazonaws.com/sites/3pmylNkGfdV7pPbyDJsN/product-images/7301-TAN-080424-01.jpg","","Tan","42/8","new","66","66","","","","-","-","-","-","-","-","-","-","-","-"
"I306552","Explore Men Open Toe Slippers","1250-080424","Explore Men Open Toe Slippers","In stock","1599 INR","Explore","-","men","men","2","1250-080424","solid","male","https://www.popularshoemart.com/product/explore-1250-olive-9","https://kartmax-product-live-bucket.s3.ap-south-1.amazonaws.com/sites/3pmylNkGfdV7pPbyDJsN/product-images/1250-OLIVE-080424-01.jpg","https://kartmax-product-live-bucket.s3.ap-south-1.amazonaws.com/sites/3pmylNkGfdV7pPbyDJsN/product-images/1250-OLIVE-080424-01.jpg","","Olive","43/9","new","75","66","","","","-","-","-","-","-","-","-","-","-","-"
"I306429","Explore Men Tan Slippers","1252-080424","Explore Men Tan Slippers","In stock","1599 INR","Explore","-","men","men","1","1252-080424","solid","male","https://www.popularshoemart.com/product/explore-1252-tan-7","https://kartmax-product-live-bucket.s3.ap-south-1.amazonaws.com/sites/3pmylNkGfdV7pPbyDJsN/product-images/1252-TAN-080424-01.jpg","https://kartmax-product-live-bucket.s3.ap-south-1.amazonaws.com/sites/3pmylNkGfdV7pPbyDJsN/product-images/1252-TAN-080424-01.jpg","","Tan","41/7","new","75","83","","","","-","-","-","-","-","-","-","-","-","-"
"I306423","Explore Men Brown Slippers","1255-080424","Explore Men Brown Slippers","In stock","1599 INR","Explore","-","men","men","5","1255-080424","solid","male","https://www.popularshoemart.com/product/explore-1255-brown-7","https://kartmax-product-live-bucket.s3.ap-south-1.amazonaws.com/sites/3pmylNkGfdV7pPbyDJsN/product-images/1255-BRN-080424-01.jpg","https://kartmax-product-live-bucket.s3.ap-south-1.amazonaws.com/sites/3pmylNkGfdV7pPbyDJsN/product-images/1255-BRN-080424-01.jpg","","Brown","41/7","new","83","83","","","","-","-","-","-","-","-","-","-","-","-"
"I306778","Explore Men Formal Shoes","9011-080424","Explore Men Formal Shoes","In stock","1399 INR","Explore","-","men","men","8","9011-080424","solid","male","https://www.popularshoemart.com/product/explore-9011-brown-7","https://kartmax-product-live-bucket.s3.ap-south-1.amazonaws.com/sites/3pmylNkGfdV7pPbyDJsN/product-images/9011-BRN-080424-01.jpg","https://kartmax-product-live-bucket.s3.ap-south-1.amazonaws.com/sites/3pmylNkGfdV7pPbyDJsN/product-images/9011-BRN-080424-01.jpg","","Brown","41/7","new","66","66","","","","-","-","-","-","-","-","-","-","-","-"
"I306417","Explore Men Olive Slippers","1232-080424","Explore Men Olive Slippers","In stock","1599 INR","Explore","-","men","men","7","1232-080424","solid","male","https://www.popularshoemart.com/product/explore-1232-olive-7","https://kartmax-product-live-bucket.s3.ap-south-1.amazonaws.com/sites/3pmylNkGfdV7pPbyDJsN/product-images/1232-OLIVE-080424-01.jpg","https://kartmax-product-live-bucket.s3.ap-south-1.amazonaws.com/sites/3pmylNkGfdV7pPbyDJsN/product-images/1232-OLIVE-080424-01.jpg","","Olive","41/7","new","83","83","","","","-","-","-","-","-","-","-","-","-","-"
"I306562","Explore Men Casual Shoes","1314-080424","Explore Men Casual Shoes","In stock","1499 INR","Explore","-","men","men","4","1314-080424","solid","male","https://www.popularshoemart.com/product/explore-1314-brown-7","https://kartmax-product-live-bucket.s3.ap-south-1.amazonaws.com/sites/3pmylNkGfdV7pPbyDJsN/product-images/1314-BRN-080424-01.jpg","https://kartmax-product-live-bucket.s3.ap-south-1.amazonaws.com/sites/3pmylNkGfdV7pPbyDJsN/product-images/1314-BRN-080424-01.jpg","published","Brown","41/7","new","50","50","","","","-","-","-","-","-","-","-","-","-","-"
"I306399","Explore Men Formal Shoes","9304-080424","Explore Men Formal Shoes","In stock","1599 INR","Explore","-","men","men","8","9304-080424","solid","male","https://www.popularshoemart.com/product/explore-9304-brown-7","https://kartmax-product-live-bucket.s3.ap-south-1.amazonaws.com/sites/3pmylNkGfdV7pPbyDJsN/product-images/9304-BRN-080424-01.jpg","https://kartmax-product-live-bucket.s3.ap-south-1.amazonaws.com/sites/3pmylNkGfdV7pPbyDJsN/product-images/9304-BRN-080424-01.jpg","","Brown","41/7","new","66","66","","","","-","-","-","-","-","-","-","-","-","-"
"I307343","Elegance Men Black Slippers","EU-21-080424","Elegance Men Black Slippers","In stock","1599 INR","Elegance","-","men","men","1","EU-21-080424","solid","male","https://www.popularshoemart.com/product/elegance-eu-21-black-9","https://kartmax-product-live-bucket.s3.ap-south-1.amazonaws.com/sites/3pmylNkGfdV7pPbyDJsN/product-images/EU-21-BLK-080424-01.jpg","https://kartmax-product-live-bucket.s3.ap-south-1.amazonaws.com/sites/3pmylNkGfdV7pPbyDJsN/product-images/EU-21-BLK-080424-01.jpg","","Black","43/9","new","16","16","","","","-","-","-","-","-","-","-","-","-","-"
"I307395","Elegance Men Black Slippers","83007-080424","Elegance Men Black Slippers","In stock","1599 INR","Elegance","-","men","men","3","83007-080424","solid","male","https://www.popularshoemart.com/product/elegance-83007-black-7","https://kartmax-product-live-bucket.s3.ap-south-1.amazonaws.com/sites/3pmylNkGfdV7pPbyDJsN/product-images/83007-BLK-080424-01.jpg","https://kartmax-product-live-bucket.s3.ap-south-1.amazonaws.com/sites/3pmylNkGfdV7pPbyDJsN/product-images/83007-BLK-080424-01.jpg","","Black","41/7","new","83","83","","","","-","-","-","-","-","-","-","-","-","-"
"I307383","Elegance Men Black Slippers","306-080424","Elegance Men Black Slippers","In stock","1699 INR","Elegance","-","men","men","2","306-080424","solid","male","https://www.popularshoemart.com/product/elegance-306-black-7","https://kartmax-product-live-bucket.s3.ap-south-1.amazonaws.com/sites/3pmylNkGfdV7pPbyDJsN/product-images/306-BLK-080424-01.jpg","https://kartmax-product-live-bucket.s3.ap-south-1.amazonaws.com/sites/3pmylNkGfdV7pPbyDJsN/product-images/306-BLK-080424-01.jpg","","Black","41/7","new","66","66","","","","-","-","-","-","-","-","-","-","-","-"
"I307354","Elegance Men Casual Slippers","EU-27-080424","Elegance Men Casual Slippers","In stock","1599 INR","Elegance","-","men","men","3","EU-27-080424","solid","male","https://www.popularshoemart.com/product/elegance-eu-27-blue-8","https://kartmax-product-live-bucket.s3.ap-south-1.amazonaws.com/sites/3pmylNkGfdV7pPbyDJsN/product-images/EU-27-BLU-080424-01.jpg","https://kartmax-product-live-bucket.s3.ap-south-1.amazonaws.com/sites/3pmylNkGfdV7pPbyDJsN/product-images/EU-27-BLU-080424-01.jpg","","Blue","42/8","new","41","66","","","","-","-","-","-","-","-","-","-","-","-"
"I307359","Elegance Men Casual Slippers","DU-15-080424","Elegance Men Casual Slippers","In stock","1299 INR","Elegance","-","men","men","1","DU-15-080424","solid","male","https://www.popularshoemart.com/product/elegance-du-15-black-7","https://kartmax-product-live-bucket.s3.ap-south-1.amazonaws.com/sites/3pmylNkGfdV7pPbyDJsN/product-images/DU-15-BLK-080424-01.jpg","https://kartmax-product-live-bucket.s3.ap-south-1.amazonaws.com/sites/3pmylNkGfdV7pPbyDJsN/product-images/DU-15-BLK-080424-01.jpg","","Black","41/7","new","50","50","","","","-","-","-","-","-","-","-","-","-","-"
"I307366","Elegance Men Casual Slippers","DU-15-080424","Elegance Men Casual Slippers","In stock","1299 INR","Elegance","-","men","men","1","DU-15-080424","solid","male","https://www.popularshoemart.com/product/elegance-du-15-brown-8","https://kartmax-product-live-bucket.s3.ap-south-1.amazonaws.com/sites/3pmylNkGfdV7pPbyDJsN/product-images/DU-15-BRN-080424-01.jpg","https://kartmax-product-live-bucket.s3.ap-south-1.amazonaws.com/sites/3pmylNkGfdV7pPbyDJsN/product-images/DU-15-BRN-080424-01.jpg","","Brown","42/8","new","50","50","","","","-","-","-","-","-","-","-","-","-","-"
"I307350","Elegance Men Brown Slippers","EU-27-080424","Elegance Men Brown Slippers","In stock","1599 INR","Elegance","-","men","men","1","EU-27-080424","solid","male","https://www.popularshoemart.com/product/elegance-eu-27-brown-10","https://kartmax-product-live-bucket.s3.ap-south-1.amazonaws.com/sites/3pmylNkGfdV7pPbyDJsN/product-images/EU-27-BRN-080424-01.jpg","https://kartmax-product-live-bucket.s3.ap-south-1.amazonaws.com/sites/3pmylNkGfdV7pPbyDJsN/product-images/EU-27-BRN-080424-01.jpg","","Brown","44/10","new","41","16","","","","-","-","-","-","-","-","-","-","-","-"
"I307323","Elegance Men Black Slippers","20002-080424","Elegance Men Black Slippers","In stock","1699 INR","Elegance","-","men","men","1","20002-080424","solid","male","https://www.popularshoemart.com/product/elegance-20002-black-7","https://kartmax-product-live-bucket.s3.ap-south-1.amazonaws.com/sites/3pmylNkGfdV7pPbyDJsN/product-images/20002-BLK-080424-01.jpg","https://kartmax-product-live-bucket.s3.ap-south-1.amazonaws.com/sites/3pmylNkGfdV7pPbyDJsN/product-images/20002-BLK-080424-01.jpg","","Black","41/7","new","83","83","","","","-","-","-","-","-","-","-","-","-","-"
"I307389","Elegance Men Brown Slippers","306-080424","Elegance Men Brown Slippers","In stock","1699 INR","Elegance","-","men","men","1","306-080424","solid","male","https://www.popularshoemart.com/product/elegance-306-brown-7","https://kartmax-product-live-bucket.s3.ap-south-1.amazonaws.com/sites/3pmylNkGfdV7pPbyDJsN/product-images/306-BRN-080424-01.jpg","https://kartmax-product-live-bucket.s3.ap-south-1.amazonaws.com/sites/3pmylNkGfdV7pPbyDJsN/product-images/306-BRN-080424-01.jpg","","Brown","41/7","new","66","66","","","","-","-","-","-","-","-","-","-","-","-"
"I307371","Elegance Men Open Toe Slippers","BOB-3-080424","Elegance Men Open Toe Slippers","In stock","1799 INR","Elegance","-","men","men","1","BOB-3-080424","solid","male","https://www.popularshoemart.com/product/elegance-bob-3-brown-7","https://kartmax-product-live-bucket.s3.ap-south-1.amazonaws.com/sites/3pmylNkGfdV7pPbyDJsN/product-images/BOB-3-BRN-080424-01.jpg","https://kartmax-product-live-bucket.s3.ap-south-1.amazonaws.com/sites/3pmylNkGfdV7pPbyDJsN/product-images/BOB-3-BRN-080424-01.jpg","","Brown","41/7","new","83","66","","","","-","-","-","-","-","-","-","-","-","-"
"I302642","Redford Men Open-toe Sandals","BOB-3-080424","Redford Men OpenToe Sandals","In stock","1849 INR","Redford","-","brands","brands","1","BOB-3-080424","solid","male","https://www.popularshoemart.com/product/redford-bob-3-brown-7","https://kartmax-product-live-bucket.s3.ap-south-1.amazonaws.com/sites/3pmylNkGfdV7pPbyDJsN/product-images/BOB-3-BROWN-080424-01.jpg","https://kartmax-product-live-bucket.s3.ap-south-1.amazonaws.com/sites/3pmylNkGfdV7pPbyDJsN/product-images/BOB-3-BROWN-080424-01.jpg","published","Brown","41/7","new","83","100","","","","-","-","-","-","-","-","-","-","-","-"
"I302810","Redford Men V-strap Slippers","FL-01-190624","Redford Men VStrap Slippers","In stock","770 INR","Redford","-","brands","brands","1","FL-01-190624","solid","male","https://www.popularshoemart.com/product/redford-fl-01-black-10","https://kartmax-product-live-bucket.s3.ap-south-1.amazonaws.com/sites/3pmylNkGfdV7pPbyDJsN/product-images/FL-01-BLK-190624-01.JPG","https://kartmax-product-live-bucket.s3.ap-south-1.amazonaws.com/sites/3pmylNkGfdV7pPbyDJsN/product-images/FL-01-BLK-190624-01.JPG","published","Black","44/10","new","41","50","","","","-","-","-","-","-","-","-","-","-","-"
"I303426","Redford Men Blue Slippers","FL-01-080424","Redford Men Blue Slippers","In stock","999 INR","Redford","-","brands","brands","4","FL-01-080424","solid","male","https://www.popularshoemart.com/product/redford-fl-01-s-blue-7","https://kartmax-product-live-bucket.s3.ap-south-1.amazonaws.com/sites/3pmylNkGfdV7pPbyDJsN/product-images/FL-01-BLU-080424-01.jpg","https://kartmax-product-live-bucket.s3.ap-south-1.amazonaws.com/sites/3pmylNkGfdV7pPbyDJsN/product-images/FL-01-BLU-080424-01.jpg","published","Blue","41/7","new","66","66","","","","-","-","-","-","-","-","-","-","-","-"
"I300499","Redford Men Tan Slippers","H-203-080424","Redford Men Tan Slippers","In stock","1049 INR","Redford","-","brands","brands","1","H-203-080424","solid","male","https://www.popularshoemart.com/product/redford-h-203-tan-7","https://kartmax-product-live-bucket.s3.ap-south-1.amazonaws.com/sites/3pmylNkGfdV7pPbyDJsN/product-images/H-203-TAN-080424-01.jpg","https://kartmax-product-live-bucket.s3.ap-south-1.amazonaws.com/sites/3pmylNkGfdV7pPbyDJsN/product-images/H-203-TAN-080424-01.jpg","published","Tan","41/7","new","80","80","","","","-","-","-","-","-","-","-","-","-","-"
"I313007","13reasons Men Formal Shoes","COMFORT-5-100624","13Reasons Men Formal Shoes","In stock","2799 INR","13Reasons","-","men","men","2","COMFORT-5-100624","solid","male","https://www.popularshoemart.com/product/13reasons-comfort-5-brown-7","https://kartmax-product-live-bucket.s3.ap-south-1.amazonaws.com/sites/3pmylNkGfdV7pPbyDJsN/product-images/COMFORT-5-BRN-100624-01.JPG","https://kartmax-product-live-bucket.s3.ap-south-1.amazonaws.com/sites/3pmylNkGfdV7pPbyDJsN/product-images/COMFORT-5-BRN-100624-01.JPG","published","Brown","41/7","new","83","83","","","","-","-","-","-","-","-","-","-","-","-"
"I329526","Kickerz Men Croslite Thong Flip-flops","1205-050624","Kickerz Men Croslite Thong FlipFlops","In stock","599 INR","Kickerz","-","men","men","11","1205-050624","solid","male","https://www.popularshoemart.com/product/kickerz-1205-black-7","https://kartmax-product-live-bucket.s3.ap-south-1.amazonaws.com/sites/3pmylNkGfdV7pPbyDJsN/product-images/1205-BLK-050624-01.JPG","https://kartmax-product-live-bucket.s3.ap-south-1.amazonaws.com/sites/3pmylNkGfdV7pPbyDJsN/product-images/1205-BLK-050624-01.JPG","published","Black","41/7","new","92","100","","","","-","-","-","-","-","-","-","-","-","-"
"I330237","Kickerz Men Croslite Thong Flip-flops","1205-050624","Kickerz Men Croslite Thong FlipFlops","In stock","599 INR","Kickerz","-","men","men","6","1205-050624","solid","male","https://www.popularshoemart.com/product/kickerz-1205-brown-7","https://kartmax-product-live-bucket.s3.ap-south-1.amazonaws.com/sites/3pmylNkGfdV7pPbyDJsN/product-images/1205-BRN-050624-01.JPG","https://kartmax-product-live-bucket.s3.ap-south-1.amazonaws.com/sites/3pmylNkGfdV7pPbyDJsN/product-images/1205-BRN-050624-01.JPG","published","Brown","41/7","new","92","100","","","","-","-","-","-","-","-","-","-","-","-"
"I330626","Kickerz Men Croslite Thong Flip-flops","1205-050624","Kickerz Men Croslite Thong FlipFlops","In stock","599 INR","Kickerz","-","men","men","9","1205-050624","solid","male","https://www.popularshoemart.com/product/kickerz-1205-grey-7","https://kartmax-product-live-bucket.s3.ap-south-1.amazonaws.com/sites/3pmylNkGfdV7pPbyDJsN/product-images/1205-GRY-050624-01.JPG","https://kartmax-product-live-bucket.s3.ap-south-1.amazonaws.com/sites/3pmylNkGfdV7pPbyDJsN/product-images/1205-GRY-050624-01.JPG","published","Grey","41/7","new","92","80","","","","-","-","-","-","-","-","-","-","-","-"
"I328169","Kickerz Men Croslite Thong Flip-flops","1206-050624","Kickerz Men Croslite Thong FlipFlops","In stock","599 INR","Kickerz","-","men","men","3","1206-050624","solid","male","https://www.popularshoemart.com/product/kickerz-1206-black-6","https://kartmax-product-live-bucket.s3.ap-south-1.amazonaws.com/sites/3pmylNkGfdV7pPbyDJsN/product-images/1206-BLK-050624-01.JPG","https://kartmax-product-live-bucket.s3.ap-south-1.amazonaws.com/sites/3pmylNkGfdV7pPbyDJsN/product-images/1206-BLK-050624-01.JPG","published","Black","40/6","new","88","85","","","","-","-","-","-","-","-","-","-","-","-"
"I328162","Kickerz Men Croslite Thong Flip-flops","1206-050624","Kickerz Men Croslite Thong FlipFlops","In stock","599 INR","Kickerz","-","men","men","2","1206-050624","solid","male","https://www.popularshoemart.com/product/kickerz-1206-brown-6","https://kartmax-product-live-bucket.s3.ap-south-1.amazonaws.com/sites/3pmylNkGfdV7pPbyDJsN/product-images/1206-BRN-050624-01.JPG","https://kartmax-product-live-bucket.s3.ap-south-1.amazonaws.com/sites/3pmylNkGfdV7pPbyDJsN/product-images/1206-BRN-050624-01.JPG","published","Brown","40/6","new","88","88","","","","-","-","-","-","-","-","-","-","-","-"
"I328403","Kickerz Men Croslite Thong Flip-flops","1206-050624","Kickerz Men Croslite Thong FlipFlops","In stock","599 INR","Kickerz","-","men","men","6","1206-050624","solid","male","https://www.popularshoemart.com/product/kickerz-1206-grey-8","https://kartmax-product-live-bucket.s3.ap-south-1.amazonaws.com/sites/3pmylNkGfdV7pPbyDJsN/product-images/1206-GRY-050624-01.JPG","https://kartmax-product-live-bucket.s3.ap-south-1.amazonaws.com/sites/3pmylNkGfdV7pPbyDJsN/product-images/1206-GRY-050624-01.JPG","published","Grey","42/8","new","88","100","","","","-","-","-","-","-","-","-","-","-","-"
"I328176","Kickerz Men Croslite Thong Flip-flops","1206-050624","Kickerz Men Croslite Thong FlipFlops","In stock","599 INR","Kickerz","-","men","men","4","1206-050624","solid","male","https://www.popularshoemart.com/product/kickerz-1206-navy-6","https://kartmax-product-live-bucket.s3.ap-south-1.amazonaws.com/sites/3pmylNkGfdV7pPbyDJsN/product-images/1206-NVY-050624-01.JPG","https://kartmax-product-live-bucket.s3.ap-south-1.amazonaws.com/sites/3pmylNkGfdV7pPbyDJsN/product-images/1206-NVY-050624-01.JPG","published","Navy","40/6","new","88","85","","","","-","-","-","-","-","-","-","-","-","-"
"I313013","13reasons Men Leather Formal Shoes","LL-MND-54-100624","13Reasons Men Leather Formal Shoes","In stock","1599 INR","13Reasons","-","men","men","3","LL-MND-54-100624","solid","male","https://www.popularshoemart.com/product/13reasons-ll-mnd-54-grey-7","https://kartmax-product-live-bucket.s3.ap-south-1.amazonaws.com/sites/3pmylNkGfdV7pPbyDJsN/product-images/LL-MND-54-GRY-100624-01.JPG","https://kartmax-product-live-bucket.s3.ap-south-1.amazonaws.com/sites/3pmylNkGfdV7pPbyDJsN/product-images/LL-MND-54-GRY-100624-01.JPG","published","Grey","41/7","new","83","83","","","","-","-","-","-","-","-","-","-","-","-"
"I309186","13reasons Men Leather Formal Shoes","LL-MND-54-100624","13Reasons Men Leather Formal Shoes","In stock","1599 INR","13Reasons","-","men","men","5","LL-MND-54-100624","solid","male","https://www.popularshoemart.com/product/13reasons-ll-mnd-54-olive-7","https://kartmax-product-live-bucket.s3.ap-south-1.amazonaws.com/sites/3pmylNkGfdV7pPbyDJsN/product-images/LL-MND-54-OLV-100624-01.JPG","https://kartmax-product-live-bucket.s3.ap-south-1.amazonaws.com/sites/3pmylNkGfdV7pPbyDJsN/product-images/LL-MND-54-OLV-100624-01.JPG","published","Olive","41/7","new","83","83","","","","-","-","-","-","-","-","-","-","-","-"
"I309126","13reasons Men Formal Shoes","L-STAR-57-100624","13Reasons Men Formal Shoes","In stock","2399 INR","13Reasons","-","men","men","4","L-STAR-57-100624","solid","male","https://www.popularshoemart.com/product/13reasons-l-star-57-black-7","https://kartmax-product-live-bucket.s3.ap-south-1.amazonaws.com/sites/3pmylNkGfdV7pPbyDJsN/product-images/L-STAR-57-BLK-100624-01.JPG","https://kartmax-product-live-bucket.s3.ap-south-1.amazonaws.com/sites/3pmylNkGfdV7pPbyDJsN/product-images/L-STAR-57-BLK-100624-01.JPG","published","Black","41/7","new","91","100","","","","-","-","-","-","-","-","-","-","-","-"
"I309132","13reasons Men Formal Shoes","L-STAR-57-100624","13Reasons Men Formal Shoes","In stock","2399 INR","13Reasons","-","men","men","5","L-STAR-57-100624","solid","male","https://www.popularshoemart.com/product/13reasons-l-star-57-brown-7","https://kartmax-product-live-bucket.s3.ap-south-1.amazonaws.com/sites/3pmylNkGfdV7pPbyDJsN/product-images/L-STAR-57-BRN-100624-01.JPG","https://kartmax-product-live-bucket.s3.ap-south-1.amazonaws.com/sites/3pmylNkGfdV7pPbyDJsN/product-images/L-STAR-57-BRN-100624-01.JPG","published","Brown","41/7","new","91","83","","","","-","-","-","-","-","-","-","-","-","-"
"I303558","13reasons Men Leather Formal Shoes","LL-3601-100624","13Reasons Men Leather Formal Shoes","In stock","1799 INR","13Reasons","-","men","men","2","LL-3601-100624","solid","male","https://www.popularshoemart.com/product/13reasons-ll-3601-black-7","https://kartmax-product-live-bucket.s3.ap-south-1.amazonaws.com/sites/3pmylNkGfdV7pPbyDJsN/product-images/LL-3601-BLK-100624-01.JPG","https://kartmax-product-live-bucket.s3.ap-south-1.amazonaws.com/sites/3pmylNkGfdV7pPbyDJsN/product-images/LL-3601-BLK-100624-01.JPG","published","Black","41/7","new","71","71","","","","-","-","-","-","-","-","-","-","-","-"
"I315066","V-walk One Toe Ring  Heels","98037039-100624","VWalk One Toe Ring  Heels","In stock","849 INR","V-Walk","-","new-arrivals","new-arrivals","3","98037039-100624","solid","female","https://www.popularshoemart.com/product/v-walk-98037039-chiku-8","https://kartmax-product-live-bucket.s3.ap-south-1.amazonaws.com/sites/3pmylNkGfdV7pPbyDJsN/product-images/98037039-CU-100624-01.JPG","https://kartmax-product-live-bucket.s3.ap-south-1.amazonaws.com/sites/3pmylNkGfdV7pPbyDJsN/product-images/98037039-CU-100624-01.JPG","published","Chiku","38/8","new","83","83","","","","-","-","-","-","-","-","-","-","-","-"
"I319933","V-walk One Toe Ring  Flats","X-6036990-100624","VWalk One Toe Ring  Flats","In stock","849 INR","V-Walk","-","new-arrivals","new-arrivals","5","X-6036990-100624","solid","female","https://www.popularshoemart.com/product/v-walk-x-6036990-chiku-8","https://kartmax-product-live-bucket.s3.ap-south-1.amazonaws.com/sites/3pmylNkGfdV7pPbyDJsN/product-images/X-6036990-CU-100624-01.JPG","https://kartmax-product-live-bucket.s3.ap-south-1.amazonaws.com/sites/3pmylNkGfdV7pPbyDJsN/product-images/X-6036990-CU-100624-01.JPG","published","Chiku","38/8","new","83","83","","","","-","-","-","-","-","-","-","-","-","-"
"I319917","V-walk Open V-strap Flats","C-4036744-100624","VWalk Open VStrap Flats","In stock","1119 INR","V-Walk","-","new-arrivals","new-arrivals","3","C-4036744-100624","solid","female","https://www.popularshoemart.com/product/v-walk-c-4036744-navy-8","https://kartmax-product-live-bucket.s3.ap-south-1.amazonaws.com/sites/3pmylNkGfdV7pPbyDJsN/product-images/C-4036744-NY-100624-01.JPG","https://kartmax-product-live-bucket.s3.ap-south-1.amazonaws.com/sites/3pmylNkGfdV7pPbyDJsN/product-images/C-4036744-NY-100624-01.JPG","published","Navy","38/8","new","83","83","","","","-","-","-","-","-","-","-","-","-","-"
"I318155","V-walk Open V-strap Heels","F-9037098-100624","VWalk Open VStrap Heels","In stock","999 INR","V-Walk","-","new-arrivals","new-arrivals","3","F-9037098-100624","solid","female","https://www.popularshoemart.com/product/v-walk-r-9037011-peach-8","https://kartmax-product-live-bucket.s3.ap-south-1.amazonaws.com/sites/3pmylNkGfdV7pPbyDJsN/product-images/F-9037098-CU-100624-01.JPG","https://kartmax-product-live-bucket.s3.ap-south-1.amazonaws.com/sites/3pmylNkGfdV7pPbyDJsN/product-images/F-9037098-CU-100624-01.JPG","published","Chiku","38/8","new","83","83","","","","-","-","-","-","-","-","-","-","-","-"
"I318142","V-walk Open Toe V-strap Flats","DY-036519-100624","VWalk Open Toe VStrap Flats","In stock","999 INR","V-Walk","-","new-arrivals","new-arrivals","3","DY-036519-100624","solid","female","https://www.popularshoemart.com/product/v-walk-dy-036519-champagne-7","https://kartmax-product-live-bucket.s3.ap-south-1.amazonaws.com/sites/3pmylNkGfdV7pPbyDJsN/product-images/DY-036519-CE-100624-01.JPG","https://kartmax-product-live-bucket.s3.ap-south-1.amazonaws.com/sites/3pmylNkGfdV7pPbyDJsN/product-images/DY-036519-CE-100624-01.JPG","published","Champagne","37/7","new","100","100","","","","-","-","-","-","-","-","-","-","-","-"
"I329710","Hitz Men Leather Sandals","0014-100624","Hitz Men Leather Sandals","In stock","2395 INR","Hitz","-","men","men","1","0014-100624","solid","male","https://www.popularshoemart.com/product/hitz-0014-tan-6","https://kartmax-product-live-bucket.s3.ap-south-1.amazonaws.com/sites/3pmylNkGfdV7pPbyDJsN/product-images/0014-TN-100624-01.JPG","https://kartmax-product-live-bucket.s3.ap-south-1.amazonaws.com/sites/3pmylNkGfdV7pPbyDJsN/product-images/0014-TN-100624-01.JPG","published","Tan","36/6","new","100","100","","","","-","-","-","-","-","-","-","-","-","-"
"I329722","Hitz Men Leather Sandals","0002-100624","Hitz Men Leather Sandals","In stock","2195 INR","Hitz","-","men","men","2","0002-100624","solid","male","https://www.popularshoemart.com/product/hitz-0002-black-6","https://kartmax-product-live-bucket.s3.ap-south-1.amazonaws.com/sites/3pmylNkGfdV7pPbyDJsN/product-images/0002-BK-100624-01.JPG","https://kartmax-product-live-bucket.s3.ap-south-1.amazonaws.com/sites/3pmylNkGfdV7pPbyDJsN/product-images/0002-BK-100624-01.JPG","published","Black","36/6","new","100","100","","","","-","-","-","-","-","-","-","-","-","-"
"I029502","Hitz Men Slip-on Sandals With Velcro Fastening","9254-100624","Introducing the Hitz Men SlipOn Sandals with Velcro Fastening Office Chappal by Popular Shoe Mart, a perfect blend of classic style and modern design. Crafted with highquality synthetic material, this office chappal for men ensures allday comfort with a soft, skinfriendly feel. Whether you're navigating flat or uneven surfaces, the sturdy grip provides reliable support throughout your busy day. Ideal for office wear, ethnic occasions, and leisure, these chappals are the best choice for those seeking both style and comfort in one. Upgrade your footwear collection with these versatile men's office chappals for a polished yet relaxed look.","In stock","2395 INR","Hitz","-","men","men","3","9254-100624","solid","male","https://www.popularshoemart.com/product/hitz-9254-tan-7","https://kartmax-product-live-bucket.s3.ap-south-1.amazonaws.com/sites/3pmylNkGfdV7pPbyDJsN/product-images/9254-TN-100624-01.JPG","https://kartmax-product-live-bucket.s3.ap-south-1.amazonaws.com/sites/3pmylNkGfdV7pPbyDJsN/product-images/9254-TN-100624-01.JPG","published","Tan","37/7","new","100","100","","","","-","-","-","-","-","-","-","-","-","-"
"I329698","Hitz Men Leather  Slip On Sandals","0052-100624","Hitz Men Leather  Slip On Sandals","In stock","2195 INR","Hitz","-","men","men","2","0052-100624","solid","male","https://www.popularshoemart.com/product/hitz-0052-black-6","https://kartmax-product-live-bucket.s3.ap-south-1.amazonaws.com/sites/3pmylNkGfdV7pPbyDJsN/product-images/0052-BK-100624-01.JPG","https://kartmax-product-live-bucket.s3.ap-south-1.amazonaws.com/sites/3pmylNkGfdV7pPbyDJsN/product-images/0052-BK-100624-01.JPG","published","Black","36/6","new","100","100","","","","-","-","-","-","-","-","-","-","-","-"
"I029552","Hitz Men Textured Leather Sandals","9270-100624","Hitz Men Textured Leather Sandals","In stock","2395 INR","Hitz","-","men","men","7","9270-100624","solid","male","https://www.popularshoemart.com/product/hitz-9270-black-6","https://kartmax-product-live-bucket.s3.ap-south-1.amazonaws.com/sites/3pmylNkGfdV7pPbyDJsN/product-images/9270-BK-100624-01.JPG","https://kartmax-product-live-bucket.s3.ap-south-1.amazonaws.com/sites/3pmylNkGfdV7pPbyDJsN/product-images/9270-BK-100624-01.JPG","published","Black","36/6","new","100","100","","","","-","-","-","-","-","-","-","-","-","-"
"I329716","Hitz Men Black Leather Sandals","9641-100624","Hitz Men Black Leather Sandals","In stock","2395 INR","Hitz","-","men","men","1","9641-100624","solid","male","https://www.popularshoemart.com/product/hitz-9641-black-6","https://kartmax-product-live-bucket.s3.ap-south-1.amazonaws.com/sites/3pmylNkGfdV7pPbyDJsN/product-images/9641-BK-100624-01.JPG","https://kartmax-product-live-bucket.s3.ap-south-1.amazonaws.com/sites/3pmylNkGfdV7pPbyDJsN/product-images/9641-BK-100624-01.JPG","published","Black","36/6","new","83","83","","","","-","-","-","-","-","-","-","-","-","-"
"I317800","Binutop Men Tan Sneakers","104-4702-100624","Binutop Men Tan Sneakers","In stock","1119 INR","Binutop","-","men","men","2","104-4702-100624","solid","male","https://www.popularshoemart.com/product/binutop-104-4702-tan-7","https://kartmax-product-live-bucket.s3.ap-south-1.amazonaws.com/sites/3pmylNkGfdV7pPbyDJsN/product-images/104-4702-TN-100624-01.JPG","https://kartmax-product-live-bucket.s3.ap-south-1.amazonaws.com/sites/3pmylNkGfdV7pPbyDJsN/product-images/104-4702-TN-100624-01.JPG","published","Tan","37/7","new","100","100","","","","-","-","-","-","-","-","-","-","-","-"
"I317555","Binutop Men Slip-on Casual Shoes","73-1132-100624","Binutop Men SlipOn Casual Shoes","In stock","949 INR","Binutop","-","men","men","3","73-1132-100624","solid","male","https://www.popularshoemart.com/product/binutop-73-1132-tan-7","https://kartmax-product-live-bucket.s3.ap-south-1.amazonaws.com/sites/3pmylNkGfdV7pPbyDJsN/product-images/73-1132-TN-100624-01.JPG","https://kartmax-product-live-bucket.s3.ap-south-1.amazonaws.com/sites/3pmylNkGfdV7pPbyDJsN/product-images/73-1132-TN-100624-01.JPG","published","Tan","37/7","new","100","100","","","","-","-","-","-","-","-","-","-","-","-"
"I317539","Binutop Men Olive Sneakers","108-4021 -100624","Binutop Men Olive Sneakers","In stock","1999 INR","Binutop","-","men","men","2","108-4021 -100624","solid","male","https://www.popularshoemart.com/product/binutop-108-4021-olive-7","https://kartmax-product-live-bucket.s3.ap-south-1.amazonaws.com/sites/3pmylNkGfdV7pPbyDJsN/product-images/108-4021 -OL-100624-01.JPG","https://kartmax-product-live-bucket.s3.ap-south-1.amazonaws.com/sites/3pmylNkGfdV7pPbyDJsN/product-images/108-4021 -OL-100624-01.JPG","published","Olive","37/7","new","100","100","","","","-","-","-","-","-","-","-","-","-","-"
"I317547","Binutop Men Beige Solid Sneakers","108-1119 -100624","Binutop Men Beige Solid Sneakers","In stock","1999 INR","Binutop","-","men","men","2","108-1119 -100624","solid","male","https://www.popularshoemart.com/product/binutop-108-1119-beige-7","https://kartmax-product-live-bucket.s3.ap-south-1.amazonaws.com/sites/3pmylNkGfdV7pPbyDJsN/product-images/108-1119 -BE-100624-01.JPG","https://kartmax-product-live-bucket.s3.ap-south-1.amazonaws.com/sites/3pmylNkGfdV7pPbyDJsN/product-images/108-1119 -BE-100624-01.JPG","published","Beige","37/7","new","100","100","","","","-","-","-","-","-","-","-","-","-","-"
"I311726","Elegance Men Thong-strap Sandals","JR-26-150624","Elegance Men ThongStrap Sandals","In stock","1299 INR","Elegance","-","men","men","3","JR-26-150624","solid","male","https://www.popularshoemart.com/product/elegance-jr-26-tan-7","https://kartmax-product-live-bucket.s3.ap-south-1.amazonaws.com/sites/3pmylNkGfdV7pPbyDJsN/product-images/JR-26-TAN-150624-01.JPG","https://kartmax-product-live-bucket.s3.ap-south-1.amazonaws.com/sites/3pmylNkGfdV7pPbyDJsN/product-images/JR-26-TAN-150624-01.JPG","published","Tan","37/7","new","83","100","","","","-","-","-","-","-","-","-","-","-","-"
"I311720","Elegance Men Thong-strap Sandals","JR-26-150624","Elegance Men ThongStrap Sandals","In stock","1299 INR","Elegance","-","men","men","3","JR-26-150624","solid","male","https://www.popularshoemart.com/product/elegance-jr-26-black-7","https://kartmax-product-live-bucket.s3.ap-south-1.amazonaws.com/sites/3pmylNkGfdV7pPbyDJsN/product-images/JR-26-BLACK-150624-01.JPG","https://kartmax-product-live-bucket.s3.ap-south-1.amazonaws.com/sites/3pmylNkGfdV7pPbyDJsN/product-images/JR-26-BLACK-150624-01.JPG","published","Black","37/7","new","83","100","","","","-","-","-","-","-","-","-","-","-","-"
"I311330","Elegance Men Strap Slip-on Sandals","83004-150624","Elegance Men Strap SlipOn Sandals","In stock","1599 INR","Elegance","-","men","men","3","83004-150624","solid","male","https://www.popularshoemart.com/product/elegance-83004-black-7","https://kartmax-product-live-bucket.s3.ap-south-1.amazonaws.com/sites/3pmylNkGfdV7pPbyDJsN/product-images/83004-BLACK-150624-01.JPG","https://kartmax-product-live-bucket.s3.ap-south-1.amazonaws.com/sites/3pmylNkGfdV7pPbyDJsN/product-images/83004-BLACK-150624-01.JPG","published","Black","37/7","new","83","100","","","","-","-","-","-","-","-","-","-","-","-"
"I311714","Elegance Men Thong-strap Sandals","JR-25-150624","Elegance Men ThongStrap Sandals","In stock","1299 INR","Elegance","-","men","men","2","JR-25-150624","solid","male","https://www.popularshoemart.com/product/elegance-jr-25-cherry-7","https://kartmax-product-live-bucket.s3.ap-south-1.amazonaws.com/sites/3pmylNkGfdV7pPbyDJsN/product-images/JR-25-CHERRY-150624-01.JPG","https://kartmax-product-live-bucket.s3.ap-south-1.amazonaws.com/sites/3pmylNkGfdV7pPbyDJsN/product-images/JR-25-CHERRY-150624-01.JPG","published","Cherry","37/7","new","83","100","","","","-","-","-","-","-","-","-","-","-","-"
"I311342","Elegance Men Leather Loafers","LF-6-150624","Elegance Men Leather Loafers","In stock","1499 INR","Elegance","-","men","men","3","LF-6-150624","solid","male","https://www.popularshoemart.com/product/elegance-lf-6-brown-7","https://kartmax-product-live-bucket.s3.ap-south-1.amazonaws.com/sites/3pmylNkGfdV7pPbyDJsN/product-images/LF-6-BROWN-150624-01.JPG","https://kartmax-product-live-bucket.s3.ap-south-1.amazonaws.com/sites/3pmylNkGfdV7pPbyDJsN/product-images/LF-6-BROWN-150624-01.JPG","published","Brown","37/7","new","83","100","","","","-","-","-","-","-","-","-","-","-","-"
"I329127","Kats Printed Slippers","CINDRELLA-4-150624","Kats Printed Slippers","In stock","300 INR","Kats","-","kids","kids","9","CINDRELLA-4-150624","solid","-","https://www.popularshoemart.com/product/kats-cindrella-4-pink-7","https://kartmax-product-live-bucket.s3.ap-south-1.amazonaws.com/sites/3pmylNkGfdV7pPbyDJsN/product-images/CINDRELLA-4-PINK-150624-01.JPG","https://kartmax-product-live-bucket.s3.ap-south-1.amazonaws.com/sites/3pmylNkGfdV7pPbyDJsN/product-images/CINDRELLA-4-PINK-150624-01.JPG","published","Pink","7","new","100","100","","","","-","-","-","-","-","-","-","-","-","-"
"I329199","Kats Closed Elastic Shoes","FLY-12-150624","Kats Closed Elastic Shoes","In stock","323 INR","Kats","-","kids","kids","2","FLY-12-150624","solid","-","https://www.popularshoemart.com/product/kats-fly-12-black-7","https://kartmax-product-live-bucket.s3.ap-south-1.amazonaws.com/sites/3pmylNkGfdV7pPbyDJsN/product-images/FLY-12-BLACK-150624-01.JPG","https://kartmax-product-live-bucket.s3.ap-south-1.amazonaws.com/sites/3pmylNkGfdV7pPbyDJsN/product-images/FLY-12-BLACK-150624-01.JPG","published","Black","7","new","100","100","","","","-","-","-","-","-","-","-","-","-","-"
"I329174","Kats Covered Sandals","CRYSTAL-1-150624","Kats Covered Sandals","In stock","405 INR","Kats","-","kids","kids","4","CRYSTAL-1-150624","solid","-","https://www.popularshoemart.com/product/kats-crystal-1-lgrey-7","https://kartmax-product-live-bucket.s3.ap-south-1.amazonaws.com/sites/3pmylNkGfdV7pPbyDJsN/product-images/CRYSTAL-1-L.GREY-150624-01.JPG","https://kartmax-product-live-bucket.s3.ap-south-1.amazonaws.com/sites/3pmylNkGfdV7pPbyDJsN/product-images/CRYSTAL-1-L.GREY-150624-01.JPG","published","Grey","7","new","100","100","","","","-","-","-","-","-","-","-","-","-","-"
"I329194","Kats Fasion Party Shoes","MAGIC-10-150624","Kats Fasion Party Shoes","In stock","329 INR","Kats","-","kids","kids","5","MAGIC-10-150624","solid","-","https://www.popularshoemart.com/product/kats-magic-10-onion-7","https://kartmax-product-live-bucket.s3.ap-south-1.amazonaws.com/sites/3pmylNkGfdV7pPbyDJsN/product-images/MAGIC-10-ONION-150624-01.JPG","https://kartmax-product-live-bucket.s3.ap-south-1.amazonaws.com/sites/3pmylNkGfdV7pPbyDJsN/product-images/MAGIC-10-ONION-150624-01.JPG","published","Onion","7","new","88","100","","","","-","-","-","-","-","-","-","-","-","-"
"I329189","Kats Fasion Party Shoes","MAGIC-11-150624","Kats Fasion Party Shoes","In stock","329 INR","Kats","-","kids","kids","2","MAGIC-11-150624","solid","-","https://www.popularshoemart.com/product/kats-magic-11-grey-7","https://kartmax-product-live-bucket.s3.ap-south-1.amazonaws.com/sites/3pmylNkGfdV7pPbyDJsN/product-images/MAGIC-11-GREY-150624-01.JPG","https://kartmax-product-live-bucket.s3.ap-south-1.amazonaws.com/sites/3pmylNkGfdV7pPbyDJsN/product-images/MAGIC-11-GREY-150624-01.JPG","published","Grey","7","new","100","100","","","","-","-","-","-","-","-","-","-","-","-"
"I302738","Kats Fasion Party Shoes","MAGIC-10-150624","Kats Fasion Party Shoes","In stock","329 INR","Kats","-","kids","kids","3","MAGIC-10-150624","solid","-","https://www.popularshoemart.com/product/kats-magic-10-ghiya-7","https://kartmax-product-live-bucket.s3.ap-south-1.amazonaws.com/sites/3pmylNkGfdV7pPbyDJsN/product-images/MAGIC-10-GHIYA-150624-01.JPG","https://kartmax-product-live-bucket.s3.ap-south-1.amazonaws.com/sites/3pmylNkGfdV7pPbyDJsN/product-images/MAGIC-10-GHIYA-150624-01.JPG","published","Ghiya","7","new","88","80","","","","-","-","-","-","-","-","-","-","-","-"
"I329179","Kats Covered Sandals","CRYSTAL-2-150624","Kats Covered Sandals","In stock","405 INR","Kats","-","kids","kids","2","CRYSTAL-2-150624","solid","-","https://www.popularshoemart.com/product/kats-crystal-2-ghiya-7","https://kartmax-product-live-bucket.s3.ap-south-1.amazonaws.com/sites/3pmylNkGfdV7pPbyDJsN/product-images/CRYSTAL-2-GHIYA-150624-01.JPG","https://kartmax-product-live-bucket.s3.ap-south-1.amazonaws.com/sites/3pmylNkGfdV7pPbyDJsN/product-images/CRYSTAL-2-GHIYA-150624-01.JPG","published","Ghiya","7","new","100","100","","","","-","-","-","-","-","-","-","-","-","-"
"I329204","Kats Closed Elastic Shoes","FLY-12-150624","Kats Closed Elastic Shoes","In stock","323 INR","Kats","-","kids","kids","2","FLY-12-150624","solid","-","https://www.popularshoemart.com/product/kats-fly-12-onion-7","https://kartmax-product-live-bucket.s3.ap-south-1.amazonaws.com/sites/3pmylNkGfdV7pPbyDJsN/product-images/FLY-12-ONION-150624-01.JPG","https://kartmax-product-live-bucket.s3.ap-south-1.amazonaws.com/sites/3pmylNkGfdV7pPbyDJsN/product-images/FLY-12-ONION-150624-01.JPG","published","Onion","7","new","100","100","","","","-","-","-","-","-","-","-","-","-","-"
"I329184","Kats Covered Sandals","CRYSTAL-4-150624","Kats Covered Sandals","In stock","405 INR","Kats","-","kids","kids","5","CRYSTAL-4-150624","solid","-","https://www.popularshoemart.com/product/kats-crystal-4-onion-7","https://kartmax-product-live-bucket.s3.ap-south-1.amazonaws.com/sites/3pmylNkGfdV7pPbyDJsN/product-images/CRYSTAL-4-ONION-150624-01.JPG","https://kartmax-product-live-bucket.s3.ap-south-1.amazonaws.com/sites/3pmylNkGfdV7pPbyDJsN/product-images/CRYSTAL-4-ONION-150624-01.JPG","published","Onion","7","new","100","100","","","","-","-","-","-","-","-","-","-","-","-"
"I312326","Elegance Men Thong-strap Sandals","FLIP-05-150624","Elegance Men ThongStrap Sandals","In stock","1799 INR","Elegance","-","men","men","3","FLIP-05-150624","solid","male","https://www.popularshoemart.com/product/elegance-flip-05-tan-7","https://kartmax-product-live-bucket.s3.ap-south-1.amazonaws.com/sites/3pmylNkGfdV7pPbyDJsN/product-images/FLIP-05-TAN-150624-01.JPG","https://kartmax-product-live-bucket.s3.ap-south-1.amazonaws.com/sites/3pmylNkGfdV7pPbyDJsN/product-images/FLIP-05-TAN-150624-01.JPG","published","Tan","37/7","new","83","100","","","","-","-","-","-","-","-","-","-","-","-"
"I048534","Redford Men Black Sandals","2006-190624","Introducing the Redford Men Black Sandals Office Chappal by Popular Shoe Mart, a perfect blend of classic style and modern design. Crafted with highquality synthetic material, this office chappal for men ensures allday comfort with a soft, skinfriendly feel. Whether you're navigating flat or uneven surfaces, the sturdy grip provides reliable support throughout your busy day. Ideal for office wear, ethnic occasions, and leisure, these chappals are the best choice for those seeking both style and comfort in one. Upgrade your footwear collection with these versatile men's office chappals for a polished yet relaxed look.","In stock","830 INR","Redford","-","brands","brands","11","2006-190624","solid","male","https://www.popularshoemart.com/product/redford-2006-black-6","https://kartmax-product-live-bucket.s3.ap-south-1.amazonaws.com/sites/3pmylNkGfdV7pPbyDJsN/product-images/2006-BLK-190624-01.JPG","https://kartmax-product-live-bucket.s3.ap-south-1.amazonaws.com/sites/3pmylNkGfdV7pPbyDJsN/product-images/2006-BLK-190624-01.JPG","published","Black","40/6","new","91","100","","","","-","-","-","-","-","-","-","-","-","-"
"I048533","Redford Men Brown Sandals","2006-190624","Introducing the Redford Men Brown Sandals Office Chappal by Popular Shoe Mart, a perfect blend of classic style and modern design. Crafted with highquality synthetic material, this office chappal for men ensures allday comfort with a soft, skinfriendly feel. Whether you're navigating flat or uneven surfaces, the sturdy grip provides reliable support throughout your busy day. Ideal for office wear, ethnic occasions, and leisure, these chappals are the best choice for those seeking both style and comfort in one. Upgrade your footwear collection with these versatile men's office chappals for a polished yet relaxed look.","In stock","830 INR","Redford","-","brands","brands","12","2006-190624","solid","male","https://www.popularshoemart.com/product/redford-2006-brown-6","https://kartmax-product-live-bucket.s3.ap-south-1.amazonaws.com/sites/3pmylNkGfdV7pPbyDJsN/product-images/2006-BRN-190624-01.JPG","https://kartmax-product-live-bucket.s3.ap-south-1.amazonaws.com/sites/3pmylNkGfdV7pPbyDJsN/product-images/2006-BRN-190624-01.JPG","published","Brown","40/6","new","91","83","","","","-","-","-","-","-","-","-","-","-","-"
"I048651","Redford Men Black Sandals","5005-190624","Presenting the Redford Men&rsquo;s Black Sandals Office Chappal by Popular Shoe Mart &ndash; a seamless fusion of timeless style and contemporary design. Made from premium synthetic materials, these men&rsquo;s office chappals offer superior comfort with a soft, skinfriendly touch. Designed for allday wear, they feature a sturdy grip for dependable support, whether you're walking on smooth or uneven terrain. Perfect for office settings, ethnic events, or casual outings, these chappals are the ideal choice for those who prioritize both style and comfort. Elevate your footwear collection with these versatile office chappals for a refined yet casual look.","In stock","830 INR","Redford","-","brands","brands","10","5005-190624","solid","male","https://www.popularshoemart.com/product/redford-5005-black-6","https://kartmax-product-live-bucket.s3.ap-south-1.amazonaws.com/sites/3pmylNkGfdV7pPbyDJsN/product-images/5005-BLK-190624-01.JPG","https://kartmax-product-live-bucket.s3.ap-south-1.amazonaws.com/sites/3pmylNkGfdV7pPbyDJsN/product-images/5005-BLK-190624-01.JPG","published","Black","40/6","new","83","83","","","","-","-","-","-","-","-","-","-","-","-"
"I048649","Redford Men Brown Sandals","5005-190624","Presenting the Redford Men&rsquo;s Brown Sandals Office Chappal by Popular Shoe Mart &ndash; a seamless fusion of timeless style and contemporary design. Made from premium synthetic materials, these men&rsquo;s office chappals offer superior comfort with a soft, skinfriendly touch. Designed for allday wear, they feature a sturdy grip for dependable support, whether you're walking on smooth or uneven terrain. Perfect for office settings, ethnic events, or casual outings, these chappals are the ideal choice for those who prioritize both style and comfort. Elevate your footwear collection with these versatile office chappals for a refined yet casual look.","In stock","830 INR","Redford","-","brands","brands","7","5005-190624","solid","male","https://www.popularshoemart.com/product/redford-5005-brown-6","https://kartmax-product-live-bucket.s3.ap-south-1.amazonaws.com/sites/3pmylNkGfdV7pPbyDJsN/product-images/5005-BRN-190624-01.JPG","https://kartmax-product-live-bucket.s3.ap-south-1.amazonaws.com/sites/3pmylNkGfdV7pPbyDJsN/product-images/5005-BRN-190624-01.JPG","published","Brown","40/6","new","83","83","","","","-","-","-","-","-","-","-","-","-","-"
"I048911","Redford Men Open-toe Office Slippers","A-231-190624","Redford Men OpenToe Office Slippers","In stock","880 INR","Redford","-","brands","brands","4","A-231-190624","solid","male","https://www.popularshoemart.com/product/redford-a-231-black-6","https://kartmax-product-live-bucket.s3.ap-south-1.amazonaws.com/sites/3pmylNkGfdV7pPbyDJsN/product-images/A-231-BLK-190624-01.JPG","https://kartmax-product-live-bucket.s3.ap-south-1.amazonaws.com/sites/3pmylNkGfdV7pPbyDJsN/product-images/A-231-BLK-190624-01.JPG","published","Black","40/6","new","92","100","","","","-","-","-","-","-","-","-","-","-","-"
"I048901","Redford Men Open-toe Office Slippers","A-231-190624","Redford Men OpenToe Office Slippers","In stock","880 INR","Redford","-","brands","brands","14","A-231-190624","solid","male","https://www.popularshoemart.com/product/redford-a-231-brown-7","https://kartmax-product-live-bucket.s3.ap-south-1.amazonaws.com/sites/3pmylNkGfdV7pPbyDJsN/product-images/A-231-BRN-190624-01.JPG","https://kartmax-product-live-bucket.s3.ap-south-1.amazonaws.com/sites/3pmylNkGfdV7pPbyDJsN/product-images/A-231-BRN-190624-01.JPG","published","Brown","41/7","new","92","85","","","","-","-","-","-","-","-","-","-","-","-"
"I302825","Redford Men Leather Sandals","BOB-3-190624","Redford Men Leather Sandals","In stock","1849 INR","Redford","-","brands","brands","3","BOB-3-190624","solid","male","https://www.popularshoemart.com/product/redford-bob-3-black-7","https://kartmax-product-live-bucket.s3.ap-south-1.amazonaws.com/sites/3pmylNkGfdV7pPbyDJsN/product-images/BOB-3-BLK-190624-01.JPG","https://kartmax-product-live-bucket.s3.ap-south-1.amazonaws.com/sites/3pmylNkGfdV7pPbyDJsN/product-images/BOB-3-BLK-190624-01.JPG","published","Black","41/7","new","41","83","","","","-","-","-","-","-","-","-","-","-","-"
"I049155","Redford Men V-strap Slippers","C-1301-190624","Redford Men VStrap Slippers","In stock","650 INR","Redford","-","brands","brands","5","C-1301-190624","solid","male","https://www.popularshoemart.com/product/redford-c-1301-brown-7","https://kartmax-product-live-bucket.s3.ap-south-1.amazonaws.com/sites/3pmylNkGfdV7pPbyDJsN/product-images/C-1301-BRN-190624-01.JPG","https://kartmax-product-live-bucket.s3.ap-south-1.amazonaws.com/sites/3pmylNkGfdV7pPbyDJsN/product-images/C-1301-BRN-190624-01.JPG","published","Brown","41/7","new","57","57","","","","-","-","-","-","-","-","-","-","-","-"
"I172769","Redford Men V-strap Slippers","C-1302-190624","Redford Men VStrap Slippers","In stock","650 INR","Redford","-","brands","brands","6","C-1302-190624","solid","male","https://www.popularshoemart.com/product/redford-c-1302-brown-7","https://kartmax-product-live-bucket.s3.ap-south-1.amazonaws.com/sites/3pmylNkGfdV7pPbyDJsN/product-images/C-1302-BRN-190624-01.JPG","https://kartmax-product-live-bucket.s3.ap-south-1.amazonaws.com/sites/3pmylNkGfdV7pPbyDJsN/product-images/C-1302-BRN-190624-01.JPG","published","Brown","41/7","new","100","100","","","","-","-","-","-","-","-","-","-","-","-"
"I049165","Redford Men V-strap Slippers","C-1302-190624","Redford Men VStrap Slippers","In stock","650 INR","Redford","-","brands","brands","8","C-1302-190624","solid","male","https://www.popularshoemart.com/product/redford-c-1302-tan-7","https://kartmax-product-live-bucket.s3.ap-south-1.amazonaws.com/sites/3pmylNkGfdV7pPbyDJsN/product-images/C-1302-TAN-190624-01.JPG","https://kartmax-product-live-bucket.s3.ap-south-1.amazonaws.com/sites/3pmylNkGfdV7pPbyDJsN/product-images/C-1302-TAN-190624-01.JPG","published","Tan","41/7","new","100","100","","","","-","-","-","-","-","-","-","-","-","-"
"I125102","Redford Men V-strap Slippers","C-1302-190624","Redford Men VStrap Slippers","In stock","650 INR","Redford","-","brands","brands","4","C-1302-190624","solid","male","https://www.popularshoemart.com/product/redford-c-1302-black-6","https://kartmax-product-live-bucket.s3.ap-south-1.amazonaws.com/sites/3pmylNkGfdV7pPbyDJsN/product-images/C-1302-BLK-190624-01.JPG","https://kartmax-product-live-bucket.s3.ap-south-1.amazonaws.com/sites/3pmylNkGfdV7pPbyDJsN/product-images/C-1302-BLK-190624-01.JPG","published","Black","40/6","new","100","100","","","","-","-","-","-","-","-","-","-","-","-"
"I084696","Redford Men V-strap Slippers","C-1305-190624","Redford Men VStrap Slippers","In stock","650 INR","Redford","-","brands","brands","6","C-1305-190624","solid","male","https://www.popularshoemart.com/product/redford-c-1305-black-7","https://kartmax-product-live-bucket.s3.ap-south-1.amazonaws.com/sites/3pmylNkGfdV7pPbyDJsN/product-images/C-1305-BLK-190624-01.JPG","https://kartmax-product-live-bucket.s3.ap-south-1.amazonaws.com/sites/3pmylNkGfdV7pPbyDJsN/product-images/C-1305-BLK-190624-01.JPG","published","Black","41/7","new","85","85","","","","-","-","-","-","-","-","-","-","-","-"
"I049175","Redford Men V-strap Slippers","C-1305-190624","Redford Men VStrap Slippers","In stock","650 INR","Redford","-","brands","brands","6","C-1305-190624","solid","male","https://www.popularshoemart.com/product/redford-c-1305-brown-7","https://kartmax-product-live-bucket.s3.ap-south-1.amazonaws.com/sites/3pmylNkGfdV7pPbyDJsN/product-images/C-1305-BRN-190624-01.JPG","https://kartmax-product-live-bucket.s3.ap-south-1.amazonaws.com/sites/3pmylNkGfdV7pPbyDJsN/product-images/C-1305-BRN-190624-01.JPG","published","Brown","41/7","new","85","85","","","","-","-","-","-","-","-","-","-","-","-"
"I126254","Redford Men Office Slippers","C-1806-190624","Redford Men Office Slippers","In stock","990 INR","Redford","-","brands","brands","8","C-1806-190624","solid","male","https://www.popularshoemart.com/product/redford-c-1806-brown-6","https://kartmax-product-live-bucket.s3.ap-south-1.amazonaws.com/sites/3pmylNkGfdV7pPbyDJsN/product-images/C-1806-BRN-190624-01.JPG","https://kartmax-product-live-bucket.s3.ap-south-1.amazonaws.com/sites/3pmylNkGfdV7pPbyDJsN/product-images/C-1806-BRN-190624-01.JPG","published","Brown","40/6","new","72","100","","","","-","-","-","-","-","-","-","-","-","-"
"I141979","Redford Men Office Slippers","C-1806-190624","Redford Men Office Slippers","In stock","990 INR","Redford","-","brands","brands","10","C-1806-190624","solid","male","https://www.popularshoemart.com/product/redford-c-1806-tan-6","https://kartmax-product-live-bucket.s3.ap-south-1.amazonaws.com/sites/3pmylNkGfdV7pPbyDJsN/product-images/C-1806-TAN-190624-01.JPG","https://kartmax-product-live-bucket.s3.ap-south-1.amazonaws.com/sites/3pmylNkGfdV7pPbyDJsN/product-images/C-1806-TAN-190624-01.JPG","published","Tan","40/6","new","72","100","","","","-","-","-","-","-","-","-","-","-","-"
"I120021","Redford Men Office Slippers","C-1806-190624","Redford Men Office Slippers","In stock","990 INR","Redford","-","brands","brands","6","C-1806-190624","solid","male","https://www.popularshoemart.com/product/redford-c-1806-black-6","https://kartmax-product-live-bucket.s3.ap-south-1.amazonaws.com/sites/3pmylNkGfdV7pPbyDJsN/product-images/C-1806-BLK-190624-01.JPG","https://kartmax-product-live-bucket.s3.ap-south-1.amazonaws.com/sites/3pmylNkGfdV7pPbyDJsN/product-images/C-1806-BLK-190624-01.JPG","published","Black","40/6","new","72","16","","","","-","-","-","-","-","-","-","-","-","-"
"I100674","Redford Men Thong Sandals","C-1864-190624","Redford Men Thong Sandals","In stock","990 INR","Redford","-","brands","brands","8","C-1864-190624","solid","male","https://www.popularshoemart.com/product/redford-c-1864-black-7","https://kartmax-product-live-bucket.s3.ap-south-1.amazonaws.com/sites/3pmylNkGfdV7pPbyDJsN/product-images/C-1864-BLK-190624-01.JPG","https://kartmax-product-live-bucket.s3.ap-south-1.amazonaws.com/sites/3pmylNkGfdV7pPbyDJsN/product-images/C-1864-BLK-190624-01.JPG","published","Black","41/7","new","91","83","","","","-","-","-","-","-","-","-","-","-","-"
"I049684","Redford Men Thong Sandals","C-1864-190624","Redford Men Thong Sandals","In stock","990 INR","Redford","-","brands","brands","5","C-1864-190624","solid","male","https://www.popularshoemart.com/product/redford-c-1864-brown-7","https://kartmax-product-live-bucket.s3.ap-south-1.amazonaws.com/sites/3pmylNkGfdV7pPbyDJsN/product-images/C-1864-BRN-190624-01.JPG","https://kartmax-product-live-bucket.s3.ap-south-1.amazonaws.com/sites/3pmylNkGfdV7pPbyDJsN/product-images/C-1864-BRN-190624-01.JPG","published","Brown","41/7","new","91","100","","","","-","-","-","-","-","-","-","-","-","-"
"I049697","Redford Men V-strap Slippers","C-1866-190624","Redford Men VStrap Slippers","In stock","990 INR","Redford","-","brands","brands","16","C-1866-190624","solid","male","https://www.popularshoemart.com/product/redford-c-1866-black-7","https://kartmax-product-live-bucket.s3.ap-south-1.amazonaws.com/sites/3pmylNkGfdV7pPbyDJsN/product-images/C-1866-BLK-190624-01.JPG","https://kartmax-product-live-bucket.s3.ap-south-1.amazonaws.com/sites/3pmylNkGfdV7pPbyDJsN/product-images/C-1866-BLK-190624-01.JPG","published","Black","41/7","new","100","100","","","","-","-","-","-","-","-","-","-","-","-"
"I124283","Redford Men V-strap Slippers","C-1866-190624","Redford Men VStrap Slippers","In stock","990 INR","Redford","-","brands","brands","4","C-1866-190624","solid","male","https://www.popularshoemart.com/product/redford-c-1866-tan-6","https://kartmax-product-live-bucket.s3.ap-south-1.amazonaws.com/sites/3pmylNkGfdV7pPbyDJsN/product-images/C-1866-TAN-190624-01.JPG","https://kartmax-product-live-bucket.s3.ap-south-1.amazonaws.com/sites/3pmylNkGfdV7pPbyDJsN/product-images/C-1866-TAN-190624-01.JPG","published","Tan","40/6","new","100","100","","","","-","-","-","-","-","-","-","-","-","-"
"I332111","Redford Men Office Slippers","E-1505-190624","Redford Men Office Slippers","In stock","999 INR","Redford","-","brands","brands","6","E-1505-190624","solid","male","https://www.popularshoemart.com/product/redford-e-1505-black-7","https://kartmax-product-live-bucket.s3.ap-south-1.amazonaws.com/sites/3pmylNkGfdV7pPbyDJsN/product-images/E-1505-BLK-190624-01.JPG","https://kartmax-product-live-bucket.s3.ap-south-1.amazonaws.com/sites/3pmylNkGfdV7pPbyDJsN/product-images/E-1505-BLK-190624-01.JPG","published","Black","41/7","new","83","83","","","","-","-","-","-","-","-","-","-","-","-"
"I312459","Redford Men V-strap Slippers","FL-01-190624","Redford Men VStrap Slippers","In stock","770 INR","Redford","-","brands","brands","1","FL-01-190624","solid","male","https://www.popularshoemart.com/product/redford-fl-01-brown-11","https://kartmax-product-live-bucket.s3.ap-south-1.amazonaws.com/sites/3pmylNkGfdV7pPbyDJsN/product-images/FL-01-BRN-190624-01.JPG","https://kartmax-product-live-bucket.s3.ap-south-1.amazonaws.com/sites/3pmylNkGfdV7pPbyDJsN/product-images/FL-01-BRN-190624-01.JPG","published","Brown","45/11","new","41","33","","","","-","-","-","-","-","-","-","-","-","-"
"I050191","Redford Men Office Slippers","H-4-190624","Redford Men Office Slippers","In stock","999 INR","Redford","-","brands","brands","3","H-4-190624","solid","male","https://www.popularshoemart.com/product/redford-h-4-black-6","https://kartmax-product-live-bucket.s3.ap-south-1.amazonaws.com/sites/3pmylNkGfdV7pPbyDJsN/product-images/H-4-BLK-190624-01.JPG","https://kartmax-product-live-bucket.s3.ap-south-1.amazonaws.com/sites/3pmylNkGfdV7pPbyDJsN/product-images/H-4-BLK-190624-01.JPG","published","Black","40/6","new","100","100","","","","-","-","-","-","-","-","-","-","-","-"
"I050115","Redford Men Multi Strap Sandals","H-110-190624","Introducing the Redford Men Multi Strap Office Chappal/Sandals by Popular Shoe Mart, a perfect blend of classic style and modern design. Crafted with highquality synthetic material, this office chappal for men ensures allday comfort with a soft, skinfriendly feel. Whether you're navigating flat or uneven surfaces, the sturdy grip provides reliable support throughout your busy day. Ideal for office wear, ethnic occasions, and leisure, these chappals are the best choice for those seeking both style and comfort in one. Upgrade your footwear collection with these versatile men's office chappals for a polished yet relaxed look.","In stock","850 INR","Redford","-","brands","brands","6","H-110-190624","solid","male","https://www.popularshoemart.com/product/redford-h-110-black-6","https://kartmax-product-live-bucket.s3.ap-south-1.amazonaws.com/sites/3pmylNkGfdV7pPbyDJsN/product-images/H-110-BLK-190624-01.JPG","https://kartmax-product-live-bucket.s3.ap-south-1.amazonaws.com/sites/3pmylNkGfdV7pPbyDJsN/product-images/H-110-BLK-190624-01.JPG","published","Black","40/6","new","93","83","","","","-","-","-","-","-","-","-","-","-","-"
"I050120","Redford Men Multi Strap Sandals","H-110-190624","Introducing the Redford Men Multi Strap Office Chappal/Sandals by Popular Shoe Mart, a perfect blend of classic style and modern design. Crafted with highquality synthetic material, this office chappal for men ensures allday comfort with a soft, skinfriendly feel. Whether you're navigating flat or uneven surfaces, the sturdy grip provides reliable support throughout your busy day. Ideal for office wear, ethnic occasions, and leisure, these chappals are the best choice for those seeking both style and comfort in one. Upgrade your footwear collection with these versatile men's office chappals for a polished yet relaxed look.","In stock","850 INR","Redford","-","brands","brands","9","H-110-190624","solid","male","https://www.popularshoemart.com/product/redford-h-110-brown-6","https://kartmax-product-live-bucket.s3.ap-south-1.amazonaws.com/sites/3pmylNkGfdV7pPbyDJsN/product-images/H-110-BRN-190624-01.JPG","https://kartmax-product-live-bucket.s3.ap-south-1.amazonaws.com/sites/3pmylNkGfdV7pPbyDJsN/product-images/H-110-BRN-190624-01.JPG","published","Brown","40/6","new","93","100","","","","-","-","-","-","-","-","-","-","-","-"
"I050122","Redford Men Multi Strap Sandals","H-110-190624","Introducing the Redford Men Multi Strap Office Chappal/Sandals by Popular Shoe Mart, a perfect blend of classic style and modern design. Crafted with highquality synthetic material, this office chappal for men ensures allday comfort with a soft, skinfriendly feel. Whether you're navigating flat or uneven surfaces, the sturdy grip provides reliable support throughout your busy day. Ideal for office wear, ethnic occasions, and leisure, these chappals are the best choice for those seeking both style and comfort in one. Upgrade your footwear collection with these versatile men's office chappals for a polished yet relaxed look.","In stock","850 INR","Redford","-","brands","brands","6","H-110-190624","solid","male","https://www.popularshoemart.com/product/redford-h-110-tan-6","https://kartmax-product-live-bucket.s3.ap-south-1.amazonaws.com/sites/3pmylNkGfdV7pPbyDJsN/product-images/H-110-TAN-190624-01.JPG","https://kartmax-product-live-bucket.s3.ap-south-1.amazonaws.com/sites/3pmylNkGfdV7pPbyDJsN/product-images/H-110-TAN-190624-01.JPG","published","Tan","40/6","new","93","100","","","","-","-","-","-","-","-","-","-","-","-"
"I295512","Redford Men T-strap Buckle Flip-flops","HT-1-190624","Introducing the Redford Men TStrap Buckle FlipFlops Office Chappal/Sandals by Popular Shoe Mart, a perfect blend of classic style and modern design. Crafted with highquality synthetic material, this office chappal for men ensures allday comfort with a soft, skinfriendly feel. Whether you're navigating flat or uneven surfaces, the sturdy grip provides reliable support throughout your busy day. Ideal for office wear, ethnic occasions, and leisure, these chappals are the best choice for those seeking both style and comfort in one. Upgrade your footwear collection with these versatile men's office chappals for a polished yet relaxed look.","In stock","799 INR","Redford","-","brands","brands","9","HT-1-190624","solid","male","https://www.popularshoemart.com/product/redford-ht-1-black-7","https://kartmax-product-live-bucket.s3.ap-south-1.amazonaws.com/sites/3pmylNkGfdV7pPbyDJsN/product-images/HT-1-BLK-190624-01.JPG","https://kartmax-product-live-bucket.s3.ap-south-1.amazonaws.com/sites/3pmylNkGfdV7pPbyDJsN/product-images/HT-1-BLK-190624-01.JPG","published","Black","41/7","new","90","100","","","","-","-","-","-","-","-","-","-","-","-"
"I332852","Redford Men T-strap Buckle Flip-flops","HT-1-190624","Introducing the Redford Men TStrap Buckle FlipFlops Office Chappal/Sandals by Popular Shoe Mart, a perfect blend of classic style and modern design. Crafted with highquality synthetic material, this office chappal for men ensures allday comfort with a soft, skinfriendly feel. Whether you're navigating flat or uneven surfaces, the sturdy grip provides reliable support throughout your busy day. Ideal for office wear, ethnic occasions, and leisure, these chappals are the best choice for those seeking both style and comfort in one. Upgrade your footwear collection with these versatile men's office chappals for a polished yet relaxed look.","In stock","799 INR","Redford","-","brands","brands","7","HT-1-190624","solid","male","https://www.popularshoemart.com/product/redford-ht-1-tan-7","https://kartmax-product-live-bucket.s3.ap-south-1.amazonaws.com/sites/3pmylNkGfdV7pPbyDJsN/product-images/HT-1-TAN-190624-01.JPG","https://kartmax-product-live-bucket.s3.ap-south-1.amazonaws.com/sites/3pmylNkGfdV7pPbyDJsN/product-images/HT-1-TAN-190624-01.JPG","published","Tan","41/7","new","90","83","","","","-","-","-","-","-","-","-","-","-","-"
"I332864","Redford Men Buckle Strap Flip-flops","HT-2-190624","Introducing the Redford Men Buckle Strap FlipFlops Office Chappal by Popular Shoe Mart, a perfect blend of classic style and modern design. Crafted with highquality synthetic material, this office chappal for men ensures allday comfort with a soft, skinfriendly feel. Whether you're navigating flat or uneven surfaces, the sturdy grip provides reliable support throughout your busy day. Ideal for office wear, ethnic occasions, and leisure, these chappals are the best choice for those seeking both style and comfort in one. Upgrade your footwear collection with these versatile men's office chappals for a polished yet relaxed look.","In stock","799 INR","Redford","-","brands","brands","10","HT-2-190624","solid","male","https://www.popularshoemart.com/product/redford-ht-2-brown-7","https://kartmax-product-live-bucket.s3.ap-south-1.amazonaws.com/sites/3pmylNkGfdV7pPbyDJsN/product-images/HT-2-BRN-190624-01.JPG","https://kartmax-product-live-bucket.s3.ap-south-1.amazonaws.com/sites/3pmylNkGfdV7pPbyDJsN/product-images/HT-2-BRN-190624-01.JPG","published","Brown","41/7","new","90","83","","","","-","-","-","-","-","-","-","-","-","-"
"I292171","Redford Men Buckle Strap Flip-flops","HT-2-190624","Introducing the Redford Men Buckle Strap FlipFlops Office Chappal by Popular Shoe Mart, a perfect blend of classic style and modern design. Crafted with highquality synthetic material, this office chappal for men ensures allday comfort with a soft, skinfriendly feel. Whether you're navigating flat or uneven surfaces, the sturdy grip provides reliable support throughout your busy day. Ideal for office wear, ethnic occasions, and leisure, these chappals are the best choice for those seeking both style and comfort in one. Upgrade your footwear collection with these versatile men's office chappals for a polished yet relaxed look.","In stock","799 INR","Redford","-","brands","brands","9","HT-2-190624","solid","male","https://www.popularshoemart.com/product/redford-ht-2-tan-7","https://kartmax-product-live-bucket.s3.ap-south-1.amazonaws.com/sites/3pmylNkGfdV7pPbyDJsN/product-images/HT-2-TAN-190624-01.JPG","https://kartmax-product-live-bucket.s3.ap-south-1.amazonaws.com/sites/3pmylNkGfdV7pPbyDJsN/product-images/HT-2-TAN-190624-01.JPG","published","Tan","41/7","new","90","100","","","","-","-","-","-","-","-","-","-","-","-"
"I332870","Redford Men V-strap Flip-flops","HT-3-190624","Redford Men VStrap FlipFlops","In stock","799 INR","Redford","-","brands","brands","5","HT-3-190624","solid","male","https://www.popularshoemart.com/product/redford-ht-3-mhd-7","https://kartmax-product-live-bucket.s3.ap-south-1.amazonaws.com/sites/3pmylNkGfdV7pPbyDJsN/product-images/HT-3-MHD-190624-01.JPG","https://kartmax-product-live-bucket.s3.ap-south-1.amazonaws.com/sites/3pmylNkGfdV7pPbyDJsN/product-images/HT-3-MHD-190624-01.JPG","published","Mehandi","41/7","new","83","83","","","","-","-","-","-","-","-","-","-","-","-"
"I048566","Redford Men Office Slippers","2024-190624","Introducing the Redford Men Black and Tan Office Chappal/Sandals by Popular Shoe Mart, a perfect blend of classic style and modern design. Crafted with highquality synthetic material, this office chappal for men ensures allday comfort with a soft, skinfriendly feel. Whether you're navigating flat or uneven surfaces, the sturdy grip provides reliable support throughout your busy day. Ideal for office wear, ethnic occasions, and leisure, these chappals are the best choice for those seeking both style and comfort in one. Upgrade your footwear collection with these versatile men's office chappals for a polished yet relaxed look.","In stock","830 INR","Redford","-","brands","brands","7","2024-190624","solid","male","https://www.popularshoemart.com/product/redford-2024-black-7","https://kartmax-product-live-bucket.s3.ap-south-1.amazonaws.com/sites/3pmylNkGfdV7pPbyDJsN/product-images/2024-BLK-190624-01.JPG","https://kartmax-product-live-bucket.s3.ap-south-1.amazonaws.com/sites/3pmylNkGfdV7pPbyDJsN/product-images/2024-BLK-190624-01.JPG","published","Black","41/7","new","85","85","","","","-","-","-","-","-","-","-","-","-","-"
"I048574","Redford Men Office Slippers","2024-190624","Introducing the Redford Men Black and Tan Office Chappal/Sandals by Popular Shoe Mart, a perfect blend of classic style and modern design. Crafted with highquality synthetic material, this office chappal for men ensures allday comfort with a soft, skinfriendly feel. Whether you're navigating flat or uneven surfaces, the sturdy grip provides reliable support throughout your busy day. Ideal for office wear, ethnic occasions, and leisure, these chappals are the best choice for those seeking both style and comfort in one. Upgrade your footwear collection with these versatile men's office chappals for a polished yet relaxed look.","In stock","830 INR","Redford","-","brands","brands","3","2024-190624","solid","male","https://www.popularshoemart.com/product/redford-2024-brown-6","https://kartmax-product-live-bucket.s3.ap-south-1.amazonaws.com/sites/3pmylNkGfdV7pPbyDJsN/product-images/2024-BRN-190624-01.JPG","https://kartmax-product-live-bucket.s3.ap-south-1.amazonaws.com/sites/3pmylNkGfdV7pPbyDJsN/product-images/2024-BRN-190624-01.JPG","published","Brown","40/6","new","85","85","","","","-","-","-","-","-","-","-","-","-","-"
"I050266","Redford Men Open-toe Sandals","RF-315-190624","Redford Men OpenToe Sandals","In stock","1049 INR","Redford","-","brands","brands","22","RF-315-190624","solid","male","https://www.popularshoemart.com/product/redford-rf-315-black-6","https://kartmax-product-live-bucket.s3.ap-south-1.amazonaws.com/sites/3pmylNkGfdV7pPbyDJsN/product-images/RF-315-BLK-190624-01.JPG","https://kartmax-product-live-bucket.s3.ap-south-1.amazonaws.com/sites/3pmylNkGfdV7pPbyDJsN/product-images/RF-315-BLK-190624-01.JPG","published","Black","40/6","new","100","100","","","","-","-","-","-","-","-","-","-","-","-"
"I050265","Redford Men Open-toe Sandals","RF-315-190624","Redford Men OpenToe Sandals","In stock","1049 INR","Redford","-","brands","brands","22","RF-315-190624","solid","male","https://www.popularshoemart.com/product/redford-rf-315-tan-6","https://kartmax-product-live-bucket.s3.ap-south-1.amazonaws.com/sites/3pmylNkGfdV7pPbyDJsN/product-images/RF-315-TAN-190624-01.JPG","https://kartmax-product-live-bucket.s3.ap-south-1.amazonaws.com/sites/3pmylNkGfdV7pPbyDJsN/product-images/RF-315-TAN-190624-01.JPG","published","Tan","40/6","new","100","100","","","","-","-","-","-","-","-","-","-","-","-"
"I330687","Footcaps Lightweight Sandals","322-190624","Foot caps Lightweight Sandals by Popular Shoe Mart is a combination of classic style with a modern touch and cozy fit. Its highquality synthetic material is soft on skin for fullday comfort and provides sturdy grip on flat and uneven surfaces. Best choice for office wear, ethnic occasions, casual and leisure.","In stock","949 INR","Footcaps","-","men","men","2","322-190624","solid","male","https://www.popularshoemart.com/product/footcaps-322-brown-11","https://kartmax-product-live-bucket.s3.ap-south-1.amazonaws.com/sites/3pmylNkGfdV7pPbyDJsN/product-images/322-BRN-190624-01.JPG","https://kartmax-product-live-bucket.s3.ap-south-1.amazonaws.com/sites/3pmylNkGfdV7pPbyDJsN/product-images/322-BRN-190624-01.JPG","published","Brown","45/11","new","33","33","","","","-","-","-","-","-","-","-","-","-","-"
"I330680","Footcaps Lightweight Sandals","322-190624","Foot caps Lightweight Sandals by Popular Shoe Mart is a combination of classic style with a modern touch and cozy fit. Its highquality synthetic material is soft on skin for fullday comfort and provides sturdy grip on flat and uneven surfaces. Best choice for office wear, ethnic occasions, casual and leisure.","In stock","949 INR","Footcaps","-","men","men","4","322-190624","solid","male","https://www.popularshoemart.com/product/footcaps-322-tan-11","https://kartmax-product-live-bucket.s3.ap-south-1.amazonaws.com/sites/3pmylNkGfdV7pPbyDJsN/product-images/322-TAN-190624-01.JPG","https://kartmax-product-live-bucket.s3.ap-south-1.amazonaws.com/sites/3pmylNkGfdV7pPbyDJsN/product-images/322-TAN-190624-01.JPG","published","Tan","45/11","new","33","33","","","","-","-","-","-","-","-","-","-","-","-"
"I330694","Footcaps Lightweight Sandals","344-190624","Foot caps Lightweight Sandals by Popular Shoe Mart is a combination of classic style with a modern touch and cozy fit. Its highquality synthetic material is soft on skin for fullday comfort and provides sturdy grip on flat and uneven surfaces. Best choice for office wear, ethnic occasions, casual and leisure.","In stock","949 INR","Footcaps","-","men","men","4","344-190624","solid","male","https://www.popularshoemart.com/product/footcaps-344-black-11","https://kartmax-product-live-bucket.s3.ap-south-1.amazonaws.com/sites/3pmylNkGfdV7pPbyDJsN/product-images/344-BLK-190624-01.JPG","https://kartmax-product-live-bucket.s3.ap-south-1.amazonaws.com/sites/3pmylNkGfdV7pPbyDJsN/product-images/344-BLK-190624-01.JPG","published","Black","45/11","new","33","33","","","","-","-","-","-","-","-","-","-","-","-"
"I330701","Footcaps Lightweight Sandals","344-190624","Foot caps Lightweight Sandals by Popular Shoe Mart is a combination of classic style with a modern touch and cozy fit. Its highquality synthetic material is soft on skin for fullday comfort and provides sturdy grip on flat and uneven surfaces. Best choice for office wear, ethnic occasions, casual and leisure.","In stock","949 INR","Footcaps","-","men","men","5","344-190624","solid","male","https://www.popularshoemart.com/product/footcaps-344-tan-11","https://kartmax-product-live-bucket.s3.ap-south-1.amazonaws.com/sites/3pmylNkGfdV7pPbyDJsN/product-images/344-TAN-190624-01.JPG","https://kartmax-product-live-bucket.s3.ap-south-1.amazonaws.com/sites/3pmylNkGfdV7pPbyDJsN/product-images/344-TAN-190624-01.JPG","published","Tan","45/11","new","33","33","","","","-","-","-","-","-","-","-","-","-","-"
"I330708","Footcaps Lightweight Sandals","355-190624","Foot caps Lightweight Sandals by Popular Shoe Mart is a combination of classic style with a modern touch and cozy fit. Its highquality synthetic material is soft on skin for fullday comfort and provides sturdy grip on flat and uneven surfaces. Best choice for office wear, ethnic occasions, casual and leisure.","In stock","949 INR","Footcaps","-","men","men","5","355-190624","solid","male","https://www.popularshoemart.com/product/footcaps-355-tan-11","https://kartmax-product-live-bucket.s3.ap-south-1.amazonaws.com/sites/3pmylNkGfdV7pPbyDJsN/product-images/355-TAN-190624-01.JPG","https://kartmax-product-live-bucket.s3.ap-south-1.amazonaws.com/sites/3pmylNkGfdV7pPbyDJsN/product-images/355-TAN-190624-01.JPG","published","Tan","45/11","new","33","33","","","","-","-","-","-","-","-","-","-","-","-"
"I330722","Footcaps Lightweight Sandals","355-190624","Foot caps Lightweight Sandals by Popular Shoe Mart is a combination of classic style with a modern touch and cozy fit. Its highquality synthetic material is soft on skin for fullday comfort and provides sturdy grip on flat and uneven surfaces. Best choice for office wear, ethnic occasions, casual and leisure.","In stock","949 INR","Footcaps","-","men","men","4","355-190624","solid","male","https://www.popularshoemart.com/product/footcaps-355-black-11","https://kartmax-product-live-bucket.s3.ap-south-1.amazonaws.com/sites/3pmylNkGfdV7pPbyDJsN/product-images/355-BLK-190624-01.JPG","https://kartmax-product-live-bucket.s3.ap-south-1.amazonaws.com/sites/3pmylNkGfdV7pPbyDJsN/product-images/355-BLK-190624-01.JPG","published","Black","45/11","new","33","33","","","","-","-","-","-","-","-","-","-","-","-"
"I330715","Footcaps Lightweight Sandals","355-190624","Foot caps Lightweight Sandals by Popular Shoe Mart is a combination of classic style with a modern touch and cozy fit. Its highquality synthetic material is soft on skin for fullday comfort and provides sturdy grip on flat and uneven surfaces. Best choice for office wear, ethnic occasions, casual and leisure.","In stock","949 INR","Footcaps","-","men","men","4","355-190624","solid","male","https://www.popularshoemart.com/product/footcaps-355-brown-11","https://kartmax-product-live-bucket.s3.ap-south-1.amazonaws.com/sites/3pmylNkGfdV7pPbyDJsN/product-images/355-BRN-190624-01.JPG","https://kartmax-product-live-bucket.s3.ap-south-1.amazonaws.com/sites/3pmylNkGfdV7pPbyDJsN/product-images/355-BRN-190624-01.JPG","published","Brown","45/11","new","33","33","","","","-","-","-","-","-","-","-","-","-","-"
"I330736","Footcaps Lightweight Sandals","366-190624","Foot caps Lightweight Sandals by Popular Shoe Mart is a combination of classic style with a modern touch and cozy fit. Its highquality synthetic material is soft on skin for fullday comfort and provides sturdy grip on flat and uneven surfaces. Best choice for office wear, ethnic occasions, casual and leisure.","In stock","949 INR","Footcaps","-","men","men","5","366-190624","solid","male","https://www.popularshoemart.com/product/footcaps-366-tan-11","https://kartmax-product-live-bucket.s3.ap-south-1.amazonaws.com/sites/3pmylNkGfdV7pPbyDJsN/product-images/366-TAN-190624-01.JPG","https://kartmax-product-live-bucket.s3.ap-south-1.amazonaws.com/sites/3pmylNkGfdV7pPbyDJsN/product-images/366-TAN-190624-01.JPG","published","Tan","45/11","new","33","33","","","","-","-","-","-","-","-","-","-","-","-"
"I330729","Footcaps Lightweight Sandals","366-190624","Foot caps Lightweight Sandals by Popular Shoe Mart is a combination of classic style with a modern touch and cozy fit. Its highquality synthetic material is soft on skin for fullday comfort and provides sturdy grip on flat and uneven surfaces. Best choice for office wear, ethnic occasions, casual and leisure.","In stock","949 INR","Footcaps","-","men","men","2","366-190624","solid","male","https://www.popularshoemart.com/product/footcaps-366-black-11","https://kartmax-product-live-bucket.s3.ap-south-1.amazonaws.com/sites/3pmylNkGfdV7pPbyDJsN/product-images/366-BLK-190624-01.JPG","https://kartmax-product-live-bucket.s3.ap-south-1.amazonaws.com/sites/3pmylNkGfdV7pPbyDJsN/product-images/366-BLK-190624-01.JPG","published","Black","45/11","new","33","33","","","","-","-","-","-","-","-","-","-","-","-"
"I288662","Footcaps Stylish Sandals","3470-190624","Foot caps Stylish Sandals by Popular Shoe Mart is a combination of classic style with a modern touch and cozy fit. Its highquality synthetic material is soft on skin for fullday comfort and provides sturdy grip on flat and uneven surfaces. Best choice for office wear, ethnic occasions, casual and leisure.","In stock","899 INR","Footcaps","-","men","men","4","3470-190624","solid","male","https://www.popularshoemart.com/product/footcaps-3470-tan-8","https://kartmax-product-live-bucket.s3.ap-south-1.amazonaws.com/sites/3pmylNkGfdV7pPbyDJsN/product-images/3470-TAN-190624-01.JPG","https://kartmax-product-live-bucket.s3.ap-south-1.amazonaws.com/sites/3pmylNkGfdV7pPbyDJsN/product-images/3470-TAN-190624-01.JPG","published","Tan","42/8","new","41","71","","","","-","-","-","-","-","-","-","-","-","-"
"I117472","Footcaps Stylish Sandals","3724-190624","Foot caps Stylish Sandals by Popular Shoe Mart is a combination of classic style with a modern touch and cozy fit. Its highquality synthetic material is soft on skin for fullday comfort and provides sturdy grip on flat and uneven surfaces. Best choice for office wear, ethnic occasions, casual and leisure.","In stock","949 INR","Footcaps","-","men","men","3","3724-190624","solid","male","https://www.popularshoemart.com/product/footcaps-3724-brown-7","https://kartmax-product-live-bucket.s3.ap-south-1.amazonaws.com/sites/3pmylNkGfdV7pPbyDJsN/product-images/3724-BRN-190624-01.JPG","https://kartmax-product-live-bucket.s3.ap-south-1.amazonaws.com/sites/3pmylNkGfdV7pPbyDJsN/product-images/3724-BRN-190624-01.JPG","published","Brown","41/7","new","100","100","","","","-","-","-","-","-","-","-","-","-","-"
"I106652","Footcaps Stylish Sandals","3724-190624","Foot caps Stylish Sandals by Popular Shoe Mart is a combination of classic style with a modern touch and cozy fit. Its highquality synthetic material is soft on skin for fullday comfort and provides sturdy grip on flat and uneven surfaces. Best choice for office wear, ethnic occasions, casual and leisure.","In stock","949 INR","Footcaps","-","men","men","10","3724-190624","solid","male","https://www.popularshoemart.com/product/footcaps-3724-black-7","https://kartmax-product-live-bucket.s3.ap-south-1.amazonaws.com/sites/3pmylNkGfdV7pPbyDJsN/product-images/3724-BLK-190624-01.JPG","https://kartmax-product-live-bucket.s3.ap-south-1.amazonaws.com/sites/3pmylNkGfdV7pPbyDJsN/product-images/3724-BLK-190624-01.JPG","published","Black","41/7","new","100","100","","","","-","-","-","-","-","-","-","-","-","-"
"I266062","Footcaps Formal Solid Sandals","16013-190624","Foot caps Formal Solid Sandals by Popular Shoe Mart is a combination of classic style with a modern touch and cozy fit. Its highquality synthetic material is soft on skin for fullday comfort and provides sturdy grip on flat and uneven surfaces. Best choice for office wear, ethnic occasions, casual and leisure.","In stock","999 INR","Footcaps","-","men","men","9","16013-190624","solid","male","https://www.popularshoemart.com/product/footcaps-16013-black-7","https://kartmax-product-live-bucket.s3.ap-south-1.amazonaws.com/sites/3pmylNkGfdV7pPbyDJsN/product-images/16013-BLK-190624-01.JPG","https://kartmax-product-live-bucket.s3.ap-south-1.amazonaws.com/sites/3pmylNkGfdV7pPbyDJsN/product-images/16013-BLK-190624-01.JPG","published","Black","41/7","new","70","100","","","","-","-","-","-","-","-","-","-","-","-"
"I304470","Footcaps Formal Solid Sandals","16013-190624","Foot caps Formal Solid Sandals by Popular Shoe Mart is a combination of classic style with a modern touch and cozy fit. Its highquality synthetic material is soft on skin for fullday comfort and provides sturdy grip on flat and uneven surfaces. Best choice for office wear, ethnic occasions, casual and leisure.","In stock","999 INR","Footcaps","-","men","men","2","16013-190624","solid","male","https://www.popularshoemart.com/product/footcaps-16013-tan-7","https://kartmax-product-live-bucket.s3.ap-south-1.amazonaws.com/sites/3pmylNkGfdV7pPbyDJsN/product-images/16013-TAN-190624-01.JPG","https://kartmax-product-live-bucket.s3.ap-south-1.amazonaws.com/sites/3pmylNkGfdV7pPbyDJsN/product-images/16013-TAN-190624-01.JPG","published","Tan","41/7","new","70","40","","","","-","-","-","-","-","-","-","-","-","-"
"I302301","Footcaps Formal Solid Sandals","16014-190624","Foot caps Formal Solid Sandals by Popular Shoe Mart is a combination of classic style with a modern touch and cozy fit. Its highquality synthetic material is soft on skin for fullday comfort and provides sturdy grip on flat and uneven surfaces. Best choice for office wear, ethnic occasions, casual and leisure.","In stock","999 INR","Footcaps","-","men","men","1","16014-190624","solid","male","https://www.popularshoemart.com/product/footcaps-16014-tan-7","https://kartmax-product-live-bucket.s3.ap-south-1.amazonaws.com/sites/3pmylNkGfdV7pPbyDJsN/product-images/16014-TAN-190624-01.JPG","https://kartmax-product-live-bucket.s3.ap-south-1.amazonaws.com/sites/3pmylNkGfdV7pPbyDJsN/product-images/16014-TAN-190624-01.JPG","published","Tan","41/7","new","75","83","","","","-","-","-","-","-","-","-","-","-","-"
"I300656","Footcaps Formal Solid Sandals","16014-190624","Foot caps Formal Solid Sandals by Popular Shoe Mart is a combination of classic style with a modern touch and cozy fit. Its highquality synthetic material is soft on skin for fullday comfort and provides sturdy grip on flat and uneven surfaces. Best choice for office wear, ethnic occasions, casual and leisure.","In stock","999 INR","Footcaps","-","men","men","1","16014-190624","solid","male","https://www.popularshoemart.com/product/footcaps-16014-black-7","https://kartmax-product-live-bucket.s3.ap-south-1.amazonaws.com/sites/3pmylNkGfdV7pPbyDJsN/product-images/16014-BLK-190624-01.JPG","https://kartmax-product-live-bucket.s3.ap-south-1.amazonaws.com/sites/3pmylNkGfdV7pPbyDJsN/product-images/16014-BLK-190624-01.JPG","published","Black","41/7","new","75","66","","","","-","-","-","-","-","-","-","-","-","-"
"I303621","Footcaps Formal Solid Sandals","16016-190624","Foot caps Formal Solid Sandals by Popular Shoe Mart is a combination of classic style with a modern touch and cozy fit. Its highquality synthetic material is soft on skin for fullday comfort and provides sturdy grip on flat and uneven surfaces. Best choice for office wear, ethnic occasions, casual and leisure.","In stock","999 INR","Footcaps","-","men","men","2","16016-190624","solid","male","https://www.popularshoemart.com/product/footcaps-16016-tan-7","https://kartmax-product-live-bucket.s3.ap-south-1.amazonaws.com/sites/3pmylNkGfdV7pPbyDJsN/product-images/16016-TAN-190624-01.JPG","https://kartmax-product-live-bucket.s3.ap-south-1.amazonaws.com/sites/3pmylNkGfdV7pPbyDJsN/product-images/16016-TAN-190624-01.JPG","published","Tan","41/7","new","35","28","","","","-","-","-","-","-","-","-","-","-","-"
"I303614","Footcaps Formal Solid Sandals","16016-190624","Foot caps Formal Solid Sandals by Popular Shoe Mart is a combination of classic style with a modern touch and cozy fit. Its highquality synthetic material is soft on skin for fullday comfort and provides sturdy grip on flat and uneven surfaces. Best choice for office wear, ethnic occasions, casual and leisure.","In stock","999 INR","Footcaps","-","men","men","2","16016-190624","solid","male","https://www.popularshoemart.com/product/footcaps-16016-black-7","https://kartmax-product-live-bucket.s3.ap-south-1.amazonaws.com/sites/3pmylNkGfdV7pPbyDJsN/product-images/16016-BLK-190624-01.JPG","https://kartmax-product-live-bucket.s3.ap-south-1.amazonaws.com/sites/3pmylNkGfdV7pPbyDJsN/product-images/16016-BLK-190624-01.JPG","published","Black","41/7","new","35","42","","","","-","-","-","-","-","-","-","-","-","-"
"I304445","Footcaps Slip-on Comfort Sandals","BATA-01-190624","Foot caps Slipon Comfort Sandals by Popular Shoe Mart is a combination of classic style with a modern touch and cozy fit. Its highquality synthetic material is soft on skin for fullday comfort and provides sturdy grip on flat and uneven surfaces. Best choice for office wear, ethnic occasions, casual and leisure.","In stock","999 INR","Footcaps","-","men","men","1","BATA-01-190624","solid","male","https://www.popularshoemart.com/product/footcaps-bata-01-tan-7","https://kartmax-product-live-bucket.s3.ap-south-1.amazonaws.com/sites/3pmylNkGfdV7pPbyDJsN/product-images/BATA-01-TAN-190624-01.JPG","https://kartmax-product-live-bucket.s3.ap-south-1.amazonaws.com/sites/3pmylNkGfdV7pPbyDJsN/product-images/BATA-01-TAN-190624-01.JPG","published","Tan","41/7","new","100","100","","","","-","-","-","-","-","-","-","-","-","-"
"I327252","Footcaps Slip-on Comfort Sandals","BATA-03-190624","Foot caps Slipon Comfort Sandals by Popular Shoe Mart is a combination of classic style with a modern touch and cozy fit. Its highquality synthetic material is soft on skin for fullday comfort and provides sturdy grip on flat and uneven surfaces. Best choice for office wear, ethnic occasions, casual and leisure.","In stock","999 INR","Footcaps","-","men","men","4","BATA-03-190624","solid","male","https://www.popularshoemart.com/product/footcaps-bata-03-black-7","https://kartmax-product-live-bucket.s3.ap-south-1.amazonaws.com/sites/3pmylNkGfdV7pPbyDJsN/product-images/BATA-03-BLK-190624-01.JPG","https://kartmax-product-live-bucket.s3.ap-south-1.amazonaws.com/sites/3pmylNkGfdV7pPbyDJsN/product-images/BATA-03-BLK-190624-01.JPG","published","Black","41/7","new","83","83","","","","-","-","-","-","-","-","-","-","-","-"
"I324609","Footcaps Formal Sandals","CAMARY-3-190624","Foot caps Formal Sandals by Popular Shoe Mart is a combination of classic style with a modern touch and cozy fit. Its highquality synthetic material is soft on skin for fullday comfort and provides sturdy grip on flat and uneven surfaces. Best choice for office wear, ethnic occasions, casual and leisure.","In stock","999 INR","Footcaps","-","men","men","4","CAMARY-3-190624","solid","male","https://www.popularshoemart.com/product/footcaps-camary-3-black-7","https://kartmax-product-live-bucket.s3.ap-south-1.amazonaws.com/sites/3pmylNkGfdV7pPbyDJsN/product-images/CAMARY-3-BLK-190624-01.JPG","https://kartmax-product-live-bucket.s3.ap-south-1.amazonaws.com/sites/3pmylNkGfdV7pPbyDJsN/product-images/CAMARY-3-BLK-190624-01.JPG","published","Black","41/7","new","100","100","","","","-","-","-","-","-","-","-","-","-","-"
"I322861","Footcaps Formal Sandals","CAMARY-4-190624","Foot caps Formal Sandals by Popular Shoe Mart is a combination of classic style with a modern touch and cozy fit. Its highquality synthetic material is soft on skin for fullday comfort and provides sturdy grip on flat and uneven surfaces. Best choice for office wear, ethnic occasions, casual and leisure.","In stock","999 INR","Footcaps","-","men","men","4","CAMARY-4-190624","solid","male","https://www.popularshoemart.com/product/footcaps-camary-4-tan-7","https://kartmax-product-live-bucket.s3.ap-south-1.amazonaws.com/sites/3pmylNkGfdV7pPbyDJsN/product-images/CAMARY-4-TAN-190624-01.JPG","https://kartmax-product-live-bucket.s3.ap-south-1.amazonaws.com/sites/3pmylNkGfdV7pPbyDJsN/product-images/CAMARY-4-TAN-190624-01.JPG","published","Tan","41/7","new","100","100","","","","-","-","-","-","-","-","-","-","-","-"
"I322856","Footcaps Formal Sandals","CAMARY-4-190624","Foot caps Formal Sandals by Popular Shoe Mart is a combination of classic style with a modern touch and cozy fit. Its highquality synthetic material is soft on skin for fullday comfort and provides sturdy grip on flat and uneven surfaces. Best choice for office wear, ethnic occasions, casual and leisure.","In stock","999 INR","Footcaps","-","men","men","3","CAMARY-4-190624","solid","male","https://www.popularshoemart.com/product/footcaps-camary-4-blue-7","https://kartmax-product-live-bucket.s3.ap-south-1.amazonaws.com/sites/3pmylNkGfdV7pPbyDJsN/product-images/CAMARY-4-BLU-190624-01.JPG","https://kartmax-product-live-bucket.s3.ap-south-1.amazonaws.com/sites/3pmylNkGfdV7pPbyDJsN/product-images/CAMARY-4-BLU-190624-01.JPG","published","Blue","41/7","new","100","100","","","","-","-","-","-","-","-","-","-","-","-"
"I324625","Footcaps Formal Sandals","CAMARY-2-190624","Foot caps Formal Sandals by Popular Shoe Mart is a combination of classic style with a modern touch and cozy fit. Its highquality synthetic material is soft on skin for fullday comfort and provides sturdy grip on flat and uneven surfaces. Best choice for office wear, ethnic occasions, casual and leisure.","In stock","999 INR","Footcaps","-","men","men","1","CAMARY-2-190624","solid","male","https://www.popularshoemart.com/product/footcaps-camary-2-tan-8","https://kartmax-product-live-bucket.s3.ap-south-1.amazonaws.com/sites/3pmylNkGfdV7pPbyDJsN/product-images/CAMARY-2-TAN-190624-01.JPG","https://kartmax-product-live-bucket.s3.ap-south-1.amazonaws.com/sites/3pmylNkGfdV7pPbyDJsN/product-images/CAMARY-2-TAN-190624-01.JPG","published","Tan","42/8","new","80","80","","","","-","-","-","-","-","-","-","-","-","-"
"I270024","Footcaps Formal Sandals","JST-6-190624","Foot caps Formal Sandals by Popular Shoe Mart is a combination of classic style with a modern touch and cozy fit. Its highquality synthetic material is soft on skin for fullday comfort and provides sturdy grip on flat and uneven surfaces. Best choice for office wear, ethnic occasions, casual and leisure.","In stock","999 INR","Footcaps","-","men","men","5","JST-6-190624","solid","male","https://www.popularshoemart.com/product/footcaps-jst-6-tan-7","https://kartmax-product-live-bucket.s3.ap-south-1.amazonaws.com/sites/3pmylNkGfdV7pPbyDJsN/product-images/JST-6-TAN-190624-01.JPG","https://kartmax-product-live-bucket.s3.ap-south-1.amazonaws.com/sites/3pmylNkGfdV7pPbyDJsN/product-images/JST-6-TAN-190624-01.JPG","published","Tan","41/7","new","100","100","","","","-","-","-","-","-","-","-","-","-","-"
"I294956","Footcaps Textured Toe-ring Sandals","PRIME-1-190624","Foot caps Textured ToeRing Sandals by Popular Shoe Mart is a combination of classic style with a modern touch and cozy fit. Its highquality synthetic material is soft on skin for fullday comfort and provides sturdy grip on flat and uneven surfaces. Best choice for office wear, ethnic occasions, casual and leisure.","In stock","999 INR","Footcaps","-","men","men","1","PRIME-1-190624","solid","male","https://www.popularshoemart.com/product/footcaps-prime-1-black-7","https://kartmax-product-live-bucket.s3.ap-south-1.amazonaws.com/sites/3pmylNkGfdV7pPbyDJsN/product-images/PRIME-1-BLK-190624-01.JPG","https://kartmax-product-live-bucket.s3.ap-south-1.amazonaws.com/sites/3pmylNkGfdV7pPbyDJsN/product-images/PRIME-1-BLK-190624-01.JPG","published","Black","41/7","new","42","42","","","","-","-","-","-","-","-","-","-","-","-"
"I105595","Footcaps Casual Slip-on Sandals","XBEE-1-190624","Foot caps casual Slipon Sandals by Popular Shoe Mart is a combination of classic style with a modern touch and cozy fit. Its highquality synthetic material is soft on skin for fullday comfort and provides sturdy grip on flat and uneven surfaces. Best choice for office wear, ethnic occasions, casual and leisure.","In stock","999 INR","Footcaps","-","men","men","4","XBEE-1-190624","solid","male","https://www.popularshoemart.com/product/footcaps-xbee-1-black-7","https://kartmax-product-live-bucket.s3.ap-south-1.amazonaws.com/sites/3pmylNkGfdV7pPbyDJsN/product-images/XBEE-1-BLK-190624-01.JPG","https://kartmax-product-live-bucket.s3.ap-south-1.amazonaws.com/sites/3pmylNkGfdV7pPbyDJsN/product-images/XBEE-1-BLK-190624-01.JPG","published","Black","41/7","new","66","100","","","","-","-","-","-","-","-","-","-","-","-"
"I105600","Footcaps Casual Slip-on Sandals","XBEE-1-190624","Foot caps casual Slipon Sandals by Popular Shoe Mart is a combination of classic style with a modern touch and cozy fit. Its highquality synthetic material is soft on skin for fullday comfort and provides sturdy grip on flat and uneven surfaces. Best choice for office wear, ethnic occasions, casual and leisure.","In stock","999 INR","Footcaps","-","men","men","1","XBEE-1-190624","solid","male","https://www.popularshoemart.com/product/footcaps-xbee-1-tan-7","https://kartmax-product-live-bucket.s3.ap-south-1.amazonaws.com/sites/3pmylNkGfdV7pPbyDJsN/product-images/XBEE-1-TAN-190624-01.JPG","https://kartmax-product-live-bucket.s3.ap-south-1.amazonaws.com/sites/3pmylNkGfdV7pPbyDJsN/product-images/XBEE-1-TAN-190624-01.JPG","published","Tan","41/7","new","66","100","","","","-","-","-","-","-","-","-","-","-","-"
"I248311","Footcaps Office Slip-on Sandals","XR-001-190624","Foot caps casual Slipon Sandals by Popular Shoe Mart is a combination of classic style with a modern touch and cozy fit. Its highquality synthetic material is soft on skin for fullday comfort and provides sturdy grip on flat and uneven surfaces. Best choice for office wear, ethnic occasions, casual and leisure.","In stock","999 INR","Footcaps","-","men","men","7","XR-001-190624","solid","male","https://www.popularshoemart.com/product/footcaps-xr-001-black-7","https://kartmax-product-live-bucket.s3.ap-south-1.amazonaws.com/sites/3pmylNkGfdV7pPbyDJsN/product-images/XR-001-BLK-190624-01.JPG","https://kartmax-product-live-bucket.s3.ap-south-1.amazonaws.com/sites/3pmylNkGfdV7pPbyDJsN/product-images/XR-001-BLK-190624-01.JPG","published","Black","41/7","new","100","100","","","","-","-","-","-","-","-","-","-","-","-"
"I248321","Footcaps Office Slip-on Sandals","XR-001-190624","Foot caps casual Slipon Sandals by Popular Shoe Mart is a combination of classic style with a modern touch and cozy fit. Its highquality synthetic material is soft on skin for fullday comfort and provides sturdy grip on flat and uneven surfaces. Best choice for office wear, ethnic occasions, casual and leisure.","In stock","999 INR","Footcaps","-","men","men","4","XR-001-190624","solid","male","https://www.popularshoemart.com/product/footcaps-xr-001-tan-7","https://kartmax-product-live-bucket.s3.ap-south-1.amazonaws.com/sites/3pmylNkGfdV7pPbyDJsN/product-images/XR-001-TAN-190624-01.JPG","https://kartmax-product-live-bucket.s3.ap-south-1.amazonaws.com/sites/3pmylNkGfdV7pPbyDJsN/product-images/XR-001-TAN-190624-01.JPG","published","Tan","41/7","new","100","100","","","","-","-","-","-","-","-","-","-","-","-"
"I330154","Elegance Men Roman Style Sandals","1602-250624","Elegance Men Roman Style Sandals","In stock","999 INR","Elegance","-","men","men","1","1602-250624","solid","male","https://www.popularshoemart.com/product/elegance-1602-brown-7","https://kartmax-product-live-bucket.s3.ap-south-1.amazonaws.com/sites/3pmylNkGfdV7pPbyDJsN/product-images/1602-BRN-250624-01.jpg","https://kartmax-product-live-bucket.s3.ap-south-1.amazonaws.com/sites/3pmylNkGfdV7pPbyDJsN/product-images/1602-BRN-250624-01.jpg","published","Brown","41/7","new","100","100","","","","-","-","-","-","-","-","-","-","-","-"
"I304862","Elegance Men Buckle Strap Sandals","5807-250624","Elegance Men Buckle Strap Sandals","In stock","1699 INR","Elegance","-","men","men","1","5807-250624","solid","male","https://www.popularshoemart.com/product/elegance-5807-brown-7","https://kartmax-product-live-bucket.s3.ap-south-1.amazonaws.com/sites/3pmylNkGfdV7pPbyDJsN/product-images/5807-BRN-250624-01.jpg","https://kartmax-product-live-bucket.s3.ap-south-1.amazonaws.com/sites/3pmylNkGfdV7pPbyDJsN/product-images/5807-BRN-250624-01.jpg","published","Brown","41/7","new","87","100","","","","-","-","-","-","-","-","-","-","-","-"
"I231223","Skechers Men Textured Running Shoes","894078-250624","Skechers Men Textured Running Shoes","In stock","3699 INR","Skechers","-","men","men","2","894078-250624","solid","male","https://www.popularshoemart.com/product/skechers-894078-nvor-7","https://kartmax-product-live-bucket.s3.ap-south-1.amazonaws.com/sites/3pmylNkGfdV7pPbyDJsN/product-images/894078-NVOR-250624-01.jpg","https://kartmax-product-live-bucket.s3.ap-south-1.amazonaws.com/sites/3pmylNkGfdV7pPbyDJsN/product-images/894078-NVOR-250624-01.jpg","published","Navy","41/7","new","100","100","","","","-","-","-","-","-","-","-","-","-","-"
"I220019","Trenders Men Black  Sandals","5-4-298-040724","Trenders Men Black  Sandals","In stock","2499 INR","Trenders","-","men","men","7","5-4-298-040724","solid","male","https://www.popularshoemart.com/product/trenders-5-4-298-black-7","https://kartmax-product-live-bucket.s3.ap-south-1.amazonaws.com/sites/3pmylNkGfdV7pPbyDJsN/product-images/5-4-298-BL-040724-01.jpg","https://kartmax-product-live-bucket.s3.ap-south-1.amazonaws.com/sites/3pmylNkGfdV7pPbyDJsN/product-images/5-4-298-BL-040724-01.jpg","published","Black","41/7","new","100","100","","","","-","-","-","-","-","-","-","-","-","-"
"I317665","Trenders Men One Toe Sandals","5-4-873-040724","Trenders Men One Toe Sandals","In stock","1849 INR","Trenders","-","men","men","3","5-4-873-040724","solid","male","https://www.popularshoemart.com/product/trenders-5-4-873-brown-8","https://kartmax-product-live-bucket.s3.ap-south-1.amazonaws.com/sites/3pmylNkGfdV7pPbyDJsN/product-images/5-4-873-BRW-040724-01.jpg","https://kartmax-product-live-bucket.s3.ap-south-1.amazonaws.com/sites/3pmylNkGfdV7pPbyDJsN/product-images/5-4-873-BRW-040724-01.jpg","published","Brown","42/8","new","100","100","","","","-","-","-","-","-","-","-","-","-","-"
"I317659","Trenders Men One Toe Sandals","5-4-873-040724","Trenders Men One Toe Sandals","In stock","1849 INR","Trenders","-","men","men","4","5-4-873-040724","solid","male","https://www.popularshoemart.com/product/trenders-5-4-873-tan-8","https://kartmax-product-live-bucket.s3.ap-south-1.amazonaws.com/sites/3pmylNkGfdV7pPbyDJsN/product-images/5-4-873-TN-040724-01.jpg","https://kartmax-product-live-bucket.s3.ap-south-1.amazonaws.com/sites/3pmylNkGfdV7pPbyDJsN/product-images/5-4-873-TN-040724-01.jpg","published","Tan","42/8","new","100","100","","","","-","-","-","-","-","-","-","-","-","-"
"I275572","Trenders Men Thong-strap Sandals","5-4-09-040724","Trenders Men ThongStrap Sandals","In stock","2299 INR","Trenders","-","men","men","1","5-4-09-040724","solid","male","https://www.popularshoemart.com/product/trenders-5-4-09-camel-7","https://kartmax-product-live-bucket.s3.ap-south-1.amazonaws.com/sites/3pmylNkGfdV7pPbyDJsN/product-images/5-4-09-CML-040724-01.jpg","https://kartmax-product-live-bucket.s3.ap-south-1.amazonaws.com/sites/3pmylNkGfdV7pPbyDJsN/product-images/5-4-09-CML-040724-01.jpg","published","Camel","41/7","new","100","100","","","","-","-","-","-","-","-","-","-","-","-"
"I313897","Trenders Men Thong-strap Sandals","5-4-889-040724","Trenders Men ThongStrap Sandals","In stock","1799 INR","Trenders","-","men","men","6","5-4-889-040724","solid","male","https://www.popularshoemart.com/product/trenders-5-4-889-camel-8","https://kartmax-product-live-bucket.s3.ap-south-1.amazonaws.com/sites/3pmylNkGfdV7pPbyDJsN/product-images/5-4-889-CML-040724-01.jpg","https://kartmax-product-live-bucket.s3.ap-south-1.amazonaws.com/sites/3pmylNkGfdV7pPbyDJsN/product-images/5-4-889-CML-040724-01.jpg","published","Camel","42/8","new","100","100","","","","-","-","-","-","-","-","-","-","-","-"
"I220601","Trenders Men Thong-strap Sandals","5-4-117-040724","Trenders Men ThongStrap Sandals","In stock","2699 INR","Trenders","-","men","men","12","5-4-117-040724","solid","male","https://www.popularshoemart.com/product/trenders-5-4-117-black-7","https://kartmax-product-live-bucket.s3.ap-south-1.amazonaws.com/sites/3pmylNkGfdV7pPbyDJsN/product-images/5-4-117-BLACK-040724-01.jpg","https://kartmax-product-live-bucket.s3.ap-south-1.amazonaws.com/sites/3pmylNkGfdV7pPbyDJsN/product-images/5-4-117-BLACK-040724-01.jpg","published","Black","41/7","new","100","100","","","","-","-","-","-","-","-","-","-","-","-"
"I306045","Trenders Men Thong-strap Sandals","5-4-884-040724","Trenders Men ThongStrap Sandals","In stock","2499 INR","Trenders","-","men","men","1","5-4-884-040724","solid","male","https://www.popularshoemart.com/product/trenders-5-4-884-black-8","https://kartmax-product-live-bucket.s3.ap-south-1.amazonaws.com/sites/3pmylNkGfdV7pPbyDJsN/product-images/5-4-884-BLACK-040724-01.jpg","https://kartmax-product-live-bucket.s3.ap-south-1.amazonaws.com/sites/3pmylNkGfdV7pPbyDJsN/product-images/5-4-884-BLACK-040724-01.jpg","published","Black","42/8","new","100","100","","","","-","-","-","-","-","-","-","-","-","-"
"I290398","Trenders Men Thong-strap Sandals","5-4-789-040724","Trenders Men ThongStrap Sandals","In stock","2199 INR","Trenders","-","men","men","2","5-4-789-040724","solid","male","https://www.popularshoemart.com/product/trenders-5-4-789-black-8","https://kartmax-product-live-bucket.s3.ap-south-1.amazonaws.com/sites/3pmylNkGfdV7pPbyDJsN/product-images/5-4-789-BLACK-040724-01.jpg","https://kartmax-product-live-bucket.s3.ap-south-1.amazonaws.com/sites/3pmylNkGfdV7pPbyDJsN/product-images/5-4-789-BLACK-040724-01.jpg","published","Black","42/8","new","100","100","","","","-","-","-","-","-","-","-","-","-","-"
"I076154","Woodland Men Leather Belt Sandals","GD1033111NW-07102004","Woodland Men Leather Belt Sandals","In stock","3395 INR","woodland","-","men","men","3","GD1033111NW-07102004","solid","male","https://www.popularshoemart.com/product/woodland-gd1033111-camel-6","https://kartmax-product-live-bucket.s3.ap-south-1.amazonaws.com/sites/3pmylNkGfdV7pPbyDJsN/product-images/GD-1033111-CAMEL-07102024-01.JPG","https://kartmax-product-live-bucket.s3.ap-south-1.amazonaws.com/sites/3pmylNkGfdV7pPbyDJsN/product-images/GD1033111NW-CAMEL-07102004-01.JPG","published","Camel","40/6","new","100","100","","","","-","-","-","-","-","-","-","-","-","-"
"I076149","Woodland Men Leather Belt Sandals","GD-1033111-07102024","Woodland Men Leather Belt Sandals","In stock","3395 INR","Woodland","-","men","men","13","GD-1033111-07102024","solid","male","https://www.popularshoemart.com/product/woodland-gd-1033111-camel-7","https://kartmax-product-live-bucket.s3.ap-south-1.amazonaws.com/sites/3pmylNkGfdV7pPbyDJsN/product-images/GD-1033111-CAMEL-07102024-01.JPG","https://kartmax-product-live-bucket.s3.ap-south-1.amazonaws.com/sites/3pmylNkGfdV7pPbyDJsN/product-images/GD-1033111-CAMEL-07102024-01.JPG","published","Camel","41/7","new","100","100","","","","-","-","-","-","-","-","-","-","-","-"
"I076157","Woodland Men Leather Belt Sandals","GD-1033111-07102024","Woodland Men Leather Belt Sandals","In stock","3395 INR","Woodland","-","men","men","2","GD-1033111-07102024","solid","male","https://www.popularshoemart.com/product/woodland-gd-1033111-kaki-6","https://kartmax-product-live-bucket.s3.ap-south-1.amazonaws.com/sites/3pmylNkGfdV7pPbyDJsN/product-images/GD-1033111-KHAKI-07102024-01.JPG","https://kartmax-product-live-bucket.s3.ap-south-1.amazonaws.com/sites/3pmylNkGfdV7pPbyDJsN/product-images/GD-1033111-CAMEL-07102024-01.JPG","published","Khaki","40/6","new","100","100","","","","-","-","-","-","-","-","-","-","-","-"
"I337442","Edge Formal Solid Sandals","16013-150225","Edge Formal Solid Sandals","In stock","999 INR","Edge","-","men","men","2","16013-150225","solid","male","https://www.popularshoemart.com/product/edge-16013-black-7","https://kartmax-product-live-bucket.s3.ap-south-1.amazonaws.com/sites/3pmylNkGfdV7pPbyDJsN/product-images/16013-BLK-150225-01.JPG","https://kartmax-product-live-bucket.s3.ap-south-1.amazonaws.com/sites/3pmylNkGfdV7pPbyDJsN/product-images/16013-BLK-150225-01.JPG","published","Black","41/7","new","100","100","","","","-","-","-","-","-","-","-","-","-","-"
"I397488","Edge Textured Toe-ring Sandals","PRIME-1-150225","Edge Textured ToeRing Sandals","In stock","999 INR","Edge","-","men","men","1","PRIME-1-150225","solid","male","https://www.popularshoemart.com/product/edge-prime-1-black-7","https://kartmax-product-live-bucket.s3.ap-south-1.amazonaws.com/sites/3pmylNkGfdV7pPbyDJsN/product-images/PRIME - 1-BLK-150225-01.JPG","https://kartmax-product-live-bucket.s3.ap-south-1.amazonaws.com/sites/3pmylNkGfdV7pPbyDJsN/product-images/PRIME - 1-BLK-150225-01.JPG","published","Black","41/7","new","100","100","","","","-","-","-","-","-","-","-","-","-","-"
"I337436","Edge Office Slip-on Sandals","XR-001-150225","Edge casual Slipon Sandals","In stock","999 INR","Edge","-","men","men","3","XR-001-150225","solid","male","https://www.popularshoemart.com/product/edge-xr-001-black-7","https://kartmax-product-live-bucket.s3.ap-south-1.amazonaws.com/sites/3pmylNkGfdV7pPbyDJsN/product-images/XR - 001-BLK-150225-01.JPG","https://kartmax-product-live-bucket.s3.ap-south-1.amazonaws.com/sites/3pmylNkGfdV7pPbyDJsN/product-images/XR - 001-BLK-150225-01.JPG","published","Black","41/7","new","100","100","","","","-","-","-","-","-","-","-","-","-","-"
